LINHA;MES;DIA;VPM;ORT;SLU;CAD;VTL;VUN;JPL;SAP;FJT;MAT;IGT
15-Prata;Janeiro;1;0,8;0,9;0,8;0,6;0,9;1;1;1,7;0,8;3,4;1,1
15-Prata;Janeiro;2;3,8;3,3;2,6;1,9;2,9;3,2;2,7;5,2;2,5;11;3,9
15-Prata;Janeiro;3;5,8;4,2;3,3;2,3;3,6;3,9;3,3;6,3;3;12,7;5
15-Prata;Janeiro;4;6,1;4,4;3,4;2,4;3,7;4,1;3,3;6,5;3,1;13,2;5,7
15-Prata;Janeiro;5;6,3;4,5;3,6;2,6;3,8;4,3;3,5;6,7;3,3;13,4;5,8
15-Prata;Janeiro;6;4,2;1,6;1,4;0,8;1,3;1,1;1,1;2;0,8;3,3;1,2
15-Prata;Janeiro;7;1,8;1,4;1,3;0,9;1,4;1,6;1,3;2,6;1,2;4,8;1,8
15-Prata;Janeiro;8;6,9;5,2;3,8;2,9;4,1;4,5;3,7;7,1;3,4;14,3;6,4
15-Prata;Janeiro;9;7,6;5,3;4;2,9;4,4;4,8;3,9;7,7;3,5;14,5;6,8
15-Prata;Janeiro;10;7,6;5,5;4,2;3;4,5;4,8;3,8;7,6;3,5;14,8;6,9
15-Prata;Janeiro;11;7,7;5,6;4,1;3;4,4;4,9;3,9;7,5;3,5;14,7;7,1
15-Prata;Janeiro;12;7,4;5,1;3,9;2,9;4,2;4,7;3,8;7,4;3,4;14,3;6,9
15-Prata;Janeiro;13;3,6;2,7;2,5;1,7;2,7;2,8;2,4;4,5;2;8,5;3,3
15-Prata;Janeiro;14;1,9;1,5;1,3;1;1,5;1,7;1,4;2,7;1,3;5,3;2,1
15-Prata;Janeiro;15;7;5,4;4,1;3,1;4,3;4,8;3,8;7,5;3,5;14,6;6,9
15-Prata;Janeiro;16;7,4;5,7;4,2;3,1;4,5;5;4;7,9;3,6;14,8;7,4
15-Prata;Janeiro;17;7,6;5,7;4,3;3,1;4,5;5;4;7,7;3,6;14,9;7,5
15-Prata;Janeiro;18;7,5;5,7;4,3;3,1;4,5;5;3,9;7,8;3,6;15,2;7,6
15-Prata;Janeiro;19;7,1;5,4;4,1;3;4,3;4,8;3,9;7,5;3,6;14,6;7,3
15-Prata;Janeiro;20;4,2;1,6;1,3;0,7;1,1;1;0,9;1,7;0,8;3;1
15-Prata;Janeiro;21;2;1,3;1,2;0,9;1,4;1,5;1,3;2,5;1,3;4,7;1,8
15-Prata;Janeiro;22;7,4;5,7;4,1;3;4,4;4,9;3,8;7,6;3,5;14,8;7,4
15-Prata;Janeiro;23;7,5;5,6;4;2,9;4,4;4,8;3,7;7,4;3,5;14,1;7,5
15-Prata;Janeiro;24;7,8;6,2;4,5;3,4;4,7;5,2;4,2;8,1;3,7;15,6;7,9
15-Prata;Janeiro;25;3;2,3;2;1,4;2,1;2,4;2;3,9;1,7;7,3;3,2
15-Prata;Janeiro;26;6,2;4,7;3,5;2,5;3,8;4,3;3,4;6,7;3,1;13,2;6,3
15-Prata;Janeiro;27;3,6;2,9;2,5;1,6;2,7;2,8;2,5;4,7;2,1;8,6;3,6
15-Prata;Janeiro;28;1,7;1,3;1,2;0,9;1,3;1,4;1,2;2,3;1,1;4,5;1,8
15-Prata;Janeiro;29;7,2;5,7;4,2;3;4,4;5;4,1;7,8;3,6;14,8;7,6
15-Prata;Janeiro;30;7,6;6,2;4,5;3,4;4,7;5,3;4,2;8,1;3,8;15,4;7,9
15-Prata;Janeiro;31;7,7;6,1;4,5;3,3;4,7;5,2;4;8;3,7;15,3;8,1
15-Prata;Fevereiro;1;7,9;6,1;4,6;3,3;4,7;5,3;4,3;8,1;3,8;15,5;8,4
15-Prata;Fevereiro;2;7,6;5,9;4,5;3,2;4,6;5,2;4,2;8,1;3,8;15,4;8,2
15-Prata;Fevereiro;3;4;3,2;2,7;1,9;3;3,1;2,8;5;2,3;9,2;3,9
15-Prata;Fevereiro;4;1,9;1,5;1,4;0,9;1,6;1,6;1,4;2,6;1,3;4,9;2,1
15-Prata;Fevereiro;5;7,6;6;4,5;3,4;4,7;5,2;4,3;8,2;3,8;15,5;8,2
15-Prata;Fevereiro;6;7,9;5,2;4,9;3,5;5;5,4;4,4;8,5;3,9;15,7;8,6
15-Prata;Fevereiro;7;8,1;6,4;4,9;3,6;5,2;5,7;4,5;8,8;4,3;16,3;8,8
15-Prata;Fevereiro;8;8;6,5;4,9;3,5;5;5,5;4,3;8,7;4,3;16;8,6
15-Prata;Fevereiro;9;7,8;6;4,5;3,3;4,8;5,5;4,4;8,4;4,1;15,8;8,5
15-Prata;Fevereiro;10;3,8;3,1;2,7;1,8;3;3,1;2,6;5;2,1;9;3,9
15-Prata;Fevereiro;11;2;1,8;1,7;1,1;1,7;2;1,6;3,1;1,4;5,8;2,1
15-Prata;Fevereiro;12;3,8;3,2;2,3;1,6;2,6;2,8;2,3;4,6;2,1;8,9;4,4
15-Prata;Fevereiro;13;2,8;2,6;2,1;1,3;2,1;2,3;2,1;3,9;1,7;7,5;3,4
15-Prata;Fevereiro;14;6;4,8;3,5;2,5;3,7;4,2;3,4;6,5;3,1;12,7;6,8
15-Prata;Fevereiro;15;7,6;6;4,7;3,4;4,8;5,3;4,2;8,3;4,1;15,4;8,5
15-Prata;Fevereiro;16;7,7;5,9;4,5;3,2;4,8;5,2;4,2;8,2;4,1;15,3;8,5
15-Prata;Fevereiro;17;4;3,3;2,8;1,8;3,1;3,2;2,7;5,1;2,4;9,4;4,1
15-Prata;Fevereiro;18;2;1,5;1,3;0,8;1,5;1,5;1,4;2,6;1,4;4,9;2
15-Prata;Fevereiro;19;8;6,1;4,8;3,6;5,1;5,5;4,4;8,6;4,4;16;8,8
15-Prata;Fevereiro;20;8,6;6,3;5;3,7;5,2;5,7;4,4;8,7;4,5;16,1;9,1
15-Prata;Fevereiro;21;8,8;6,4;5;3,6;5,2;5,6;4,5;8,8;4,4;16,2;8,9
15-Prata;Fevereiro;22;8,4;6,4;5,1;3,7;5,1;5,7;4,6;8,8;4,5;16,1;8,9
15-Prata;Fevereiro;23;8,2;6,2;4,8;3,4;5;5,5;4,5;8,6;4,3;16,2;8,8
15-Prata;Fevereiro;24;3,8;3,2;2,6;1,7;2,8;3;2,7;4,9;2,2;9;4,1
15-Prata;Fevereiro;25;2,2;2;1,6;1,2;1,8;1,9;1,6;3;1,4;5,5;2,3
15-Prata;Fevereiro;26;8,6;6,1;4,8;3,5;5,1;5,6;4,4;8,6;4,4;15,9;8,9
15-Prata;Fevereiro;27;9;6,5;5,1;3,6;5,3;5,8;4,5;9;4,6;16,3;9,2
15-Prata;Fevereiro;28;9,1;6,5;5;3,6;5,2;5,7;4,6;9;4,5;16,2;9,2
15-Prata;Fevereiro;29;9,2;6,7;5,1;3,6;5,2;5,7;4,6;9;4,6;16,4;9,3
15-Prata;Março;1;8,8;6,3;5;3,4;5,1;5,6;4,6;8,7;4,5;16,1;9,1
15-Prata;Março;2;4,7;2,4;1,9;1,1;1,8;1,7;1,4;2,6;1,2;4,6;1,9
15-Prata;Março;3;2,1;1,7;1,4;1;1,5;1,6;1,5;2,7;1,3;5;2,2
15-Prata;Março;4;8,8;6,4;4,9;3,6;5,2;5,5;4,6;8,8;4,4;16,8;9,1
15-Prata;Março;5;9;6,4;5;3,6;5,3;5,8;4,5;9,1;4,5;16,2;9,2
15-Prata;Março;6;9,2;6,7;5,1;3,7;5,4;6;4,7;9,2;4,6;16,9;9,4
15-Prata;Março;7;9,6;6;5,3;3,7;5,2;5,7;4,7;9;4,5;16,2;9,1
15-Prata;Março;8;9;6,5;4,9;3,4;5;5,7;4,5;9;4,5;16,5;9,2
15-Prata;Março;9;4,1;3,3;2,8;1,9;3;3,2;2,8;5,2;2,3;9,4;4,3
15-Prata;Março;10;1,5;1,5;1,3;0,9;1,5;1,6;1,5;2,6;1,3;4,8;2,1
15-Prata;Março;11;8,9;6,4;4,8;3,6;5,1;5,7;4,5;8,9;4,4;16,1;9,2
15-Prata;Março;12;8,9;6,8;5,1;3,7;5,3;5,8;4,6;9,3;4,7;16,6;9,4
15-Prata;Março;13;9,2;6,7;5,1;3,7;5,3;5,9;4,7;9,1;4,7;16,5;9,5
15-Prata;Março;14;8,2;6,8;5,2;3,7;5,2;5,8;4,6;9;4,8;16,5;9,5
15-Prata;Março;15;8,9;6,5;4,9;3,5;5,1;5,7;4,6;8,9;4,5;16,5;9,4
15-Prata;Março;16;4,1;3,2;2,8;1,8;3;3,3;2,8;5,3;2,4;9,5;4,4
15-Prata;Março;17;1,8;1,5;1,4;1;1,6;1,7;1,5;2,8;1,4;5,3;2,4
15-Prata;Março;18;8,7;6,6;4,9;3,5;5;5,6;4,5;8,9;4,4;16,4;9,4
15-Prata;Março;19;9,2;6,6;5,1;3,6;5,3;5,9;4,6;9,2;4,7;16,5;9,7
15-Prata;Março;20;9,3;6,7;5,2;3,7;5,3;5,8;4,7;9,1;4,7;16,8;9,7
15-Prata;Março;21;9,4;6,6;5,2;3,7;5,2;5,9;4,7;9,1;4,8;16,5;9,7
15-Prata;Março;22;8,8;6,4;4,8;3,4;5;5,6;4,5;8,7;4,4;16;9,5
15-Prata;Março;23;3,9;2,8;2,5;1,7;2,7;2,9;2,4;4,9;2,4;8,6;4
15-Prata;Março;24;2;1,5;1,3;0,9;1,5;1,6;1,3;2,5;1,2;4,8;2,2
15-Prata;Março;25;8,9;6,5;4,9;3,6;5,2;5,7;4,6;8,8;4,6;16,2;9,4
15-Prata;Março;26;9,3;6,8;5,2;3,7;5,3;5,9;4,6;9,2;4,7;16,7;9,8
15-Prata;Março;27;9,3;6,9;5,3;3,7;5,4;5,8;4,8;9;4,8;16,6;9,8
15-Prata;Março;28;8,9;6,7;4,9;3,5;5;5,6;4,6;8,9;4,6;16,2;9,5
15-Prata;Março;29;2,2;1,9;1,6;1,1;1,8;1,9;1,7;3,3;1,6;5,8;2,8
15-Prata;Março;30;3,4;2,7;2,3;1,6;2,7;2,8;2,4;4,4;2,2;7,9;3,6
15-Prata;Março;31;1,9;1,5;1,3;0,9;1,5;1,6;1,3;2,7;1,3;4,8;2,2
15-Prata;Abril;1;8,8;6,6;4,9;3,6;5,2;5,6;4,6;8,9;4,5;16;9,5
15-Prata;Abril;2;9,1;6,7;5,1;3,8;5,3;5,8;4,7;8,9;4,7;16,5;9,6
15-Prata;Abril;3;9,4;6,9;5,1;3,8;5,4;5,8;4,7;9,1;4,8;16,6;9,8
15-Prata;Abril;4;9,5;6,8;5,2;3,8;5,4;5,9;4,7;9,2;4,8;16,8;9,9
15-Prata;Abril;5;9,3;6,8;5,2;3,7;5,3;5,8;4,8;9,1;4,7;16,9;9,7
15-Prata;Abril;6;4,3;3,5;2,9;2;3,1;3,3;2,8;5,6;2,6;10;4,6
15-Prata;Abril;7;2;1,6;1,5;1,1;1,6;1,7;1,5;2,8;1,4;5,4;2,4
15-Prata;Abril;8;8,9;6,4;4,8;3,5;5;5,6;4,5;8,9;4,5;16,1;9,5
15-Prata;Abril;9;9,5;7;5,1;3,8;5,4;5,9;4,7;9,3;4,7;16,9;9,8
15-Prata;Abril;10;9,4;7;5,2;3,7;5,4;6;4,8;9,4;4,8;17;10,1
15-Prata;Abril;11;9,4;6,8;5,1;3,8;5,3;5,7;4,7;9,3;4,8;16,7;10
15-Prata;Abril;12;9,1;6,8;4,9;3,6;5,2;5,8;4,8;8,9;4,6;16,5;9,8
15-Prata;Abril;13;4,2;3,6;2,9;1,9;3,2;3,3;2,9;5,4;2,6;10;4,6
15-Prata;Abril;14;2,1;1,7;1,5;1;1,6;1,7;1,5;2,8;1,5;5,2;2,4
15-Prata;Abril;15;8,9;6,4;4,9;3,6;5,1;5,6;4,6;8,8;4,6;16,2;9,6
15-Prata;Abril;16;9,4;6,7;5,1;3,8;5,4;5,9;4,7;9,2;4,7;17,5;10,1
15-Prata;Abril;17;9,1;6,8;5,1;3,8;5,3;5,8;4,7;9,1;4,6;16,7;9,8
15-Prata;Abril;18;9,2;6,7;5;3,7;5,3;5,8;4,6;9;4,7;16,6;9,7
15-Prata;Abril;19;8,9;6,6;4,9;3,7;5,4;5,8;4,7;9;4,6;16,7;9,8
15-Prata;Abril;20;4,3;3,4;3;2;3,2;3,2;2,8;5,4;2,5;10;4,6
15-Prata;Abril;21;2;1,7;1,4;1;1,6;1,8;1,5;2,8;1,3;5,3;2,3
15-Prata;Abril;22;8,8;6,6;4,8;3,6;5,3;5,6;4,6;8,8;4,5;16,3;9,7
15-Prata;Abril;23;9,3;6,7;5,2;3,8;5,4;5,8;4,8;9,2;4,7;16,9;10,1
15-Prata;Abril;24;9,3;6,8;5,1;3,8;5,4;5,8;4,8;9,1;4,7;16,6;10,1
15-Prata;Abril;25;9,4;6,8;5,1;3,7;5,3;5,7;4,7;9,1;4,6;16,8;10,1
15-Prata;Abril;26;9,1;6,7;4,8;3,6;5,2;5,6;4,7;8,9;4,4;16,5;9,9
15-Prata;Abril;27;4,2;3,6;2,8;2;3;3,2;2,8;5,3;2,4;9,7;4,6
15-Prata;Abril;28;2,1;1,8;1,5;1;1,6;1,7;1,5;2,8;1,4;5,3;2,4
15-Prata;Abril;29;8,9;6,6;4,9;3,6;5,2;5,7;4,6;9;4,6;16,5;9,8
15-Prata;Abril;30;9,4;7,2;5,2;3,8;5,5;5,9;4,9;9,4;4,8;17;10,2
15-Prata;Maio;1;2,7;2,2;1,9;1,3;2,2;2,2;1,8;3,5;1,6;6,4;3,1
15-Prata;Maio;2;9,3;6,6;5,1;3,7;5,2;5,8;4,8;9,1;4,7;16,8;10,1
15-Prata;Maio;3;9,2;6,5;4,9;3,6;5,2;5,7;4,7;9;4,5;16,7;9,8
15-Prata;Maio;4;4,2;3,8;2,8;2;3,2;3,1;2,9;5,3;2,4;9,8;4,6
15-Prata;Maio;5;2;2,2;1,4;0,9;1,5;1,6;1,4;2,7;1,2;5,2;2,6
15-Prata;Maio;6;8,9;6,6;5;3,7;5,3;5,7;4,6;8,9;4,4;16,4;9,9
15-Prata;Maio;7;9,7;6,8;5,3;3,8;5,5;5,9;4,8;9,2;4,7;17,5;10,3
15-Prata;Maio;8;9,5;6,9;5,3;3,8;5,5;6;4,8;9,4;4,7;17,1;10,2
15-Prata;Maio;9;9,5;6,8;5,4;3,9;5,4;5,8;4,7;9,2;4,6;17,1;10,2
15-Prata;Maio;10;9,1;6,8;5,1;3,7;5,4;5,8;4,9;9;4,6;16,8;10
15-Prata;Maio;11;4,3;3,4;3;2;3,2;3,2;2,9;5,4;2,5;10,2;4,6
15-Prata;Maio;12;2;1,8;1,5;0,9;1,6;1,7;1,5;2,8;1,3;5,3;2,6
15-Prata;Maio;13;8,8;6,5;4,9;3,6;5,2;5,6;4,6;8,9;4,5;16,3;9,9
15-Prata;Maio;14;9,1;6,8;5,2;3,7;5,3;5,8;4,6;8,9;4,6;16,4;10,2
15-Prata;Maio;15;9,2;6,9;5,2;3,9;5,3;5,8;4,7;9;4,6;16,8;10
15-Prata;Maio;16;9,4;6,2;5,2;3,8;5,4;5,8;4,7;9,3;4,7;16,9;10,3
15-Prata;Maio;17;8,7;6,1;5;3,7;5,3;5,7;4,7;8,8;4,5;16,8;10
15-Prata;Maio;18;4,4;3,2;3;2;3,3;3,3;2,9;5,4;2,6;10;4,9
15-Prata;Maio;19;2,1;1,6;1,5;1,1;1,6;1,7;1,5;2,7;1,4;5,4;2,5
15-Prata;Maio;20;9;6,1;4,9;3,6;5,2;5,6;4,5;8,9;4,5;16,1;10
15-Prata;Maio;21;9,3;6,2;5,2;3,8;5,4;5,7;4,7;9,1;4,6;16,8;10,4
15-Prata;Maio;22;9,3;6,3;5,1;3,8;5,3;5,8;4,7;8,9;4,6;17;10,2
15-Prata;Maio;23;9,4;6,4;5,2;3,8;5,4;6;4,7;9,1;4,7;16,8;10,5
15-Prata;Maio;24;9;6;4,9;3,6;5,2;5,7;4,6;8,8;4,6;16,4;10,1
15-Prata;Maio;25;4;3,1;2,8;1,9;3;3,1;2,7;5,2;2,4;9,4;4,6
15-Prata;Maio;26;1,8;1,3;1,1;0,8;1,3;1,4;1,3;2,3;1,2;4,4;2,1
15-Prata;Maio;27;8,4;5,4;4,4;3,3;4,9;5,3;4,2;8,2;4,1;15,4;9,4
15-Prata;Maio;28;9,2;6;5,1;3,7;5,4;5,8;4,6;9;4,7;16,5;10,5
15-Prata;Maio;29;9,2;6,3;5,2;3,9;5,4;6;4,8;9,3;4,6;17;10,4
15-Prata;Maio;30;2,9;2,4;2;1,3;2,4;2,3;2;3,9;1,7;6,8;3,5
15-Prata;Maio;31;6;4,4;3,3;2,4;3,9;4,1;3,4;6,6;3;13,1;7
15-Prata;Junho;1;3,7;3,1;2,6;1,7;2,9;2,9;2,5;4,9;2,2;9;4,2
15-Prata;Junho;2;2,1;1,9;1,5;1;1,7;1,9;1,7;3,1;1,4;5,8;2,6
15-Prata;Junho;3;8,9;6,5;4,9;3,8;5,2;5,6;4,6;9;4,5;16,9;10,2
15-Prata;Junho;4;9,2;6,8;5,1;3,8;5,4;5,9;4,6;9,1;4,5;16,6;10,5
15-Prata;Junho;5;9,3;7;5,3;3,8;5,5;5,9;4,8;9,2;4,7;16,9;10,6
15-Prata;Junho;6;9,4;7,1;5,2;3,9;5,4;5,9;4,7;9,1;4,5;17;10,6
15-Prata;Junho;7;9,3;7;5,1;3,7;5,4;5,7;4,8;9,1;4,6;18,6;10,5
15-Prata;Junho;8;4,1;3;2,5;1,7;2,8;3;2,6;4,8;2,3;8,9;4,4
15-Prata;Junho;9;4,1;3;2,5;1,7;2,8;3;2,6;4,8;2,3;8,9;4,4
15-Prata;Junho;10;8,9;6,6;5;3,7;5,2;5,6;4,7;8,9;4,5;17;10,1
15-Prata;Junho;11;9,2;7;5,3;3,8;5,6;5,9;4,8;9,2;4,8;16,8;10,6
15-Prata;Junho;12;9,3;7,1;5,3;3,9;5,5;6;4,9;9,2;4,7;17;10,6
15-Prata;Junho;13;9,1;7;5,3;3,9;5,4;5,8;4,7;9;4,6;16,7;10,6
15-Prata;Junho;14;8,8;6,9;5;3,7;5,3;5,7;4,7;8,9;4,4;16,6;10,3
15-Prata;Junho;15;4,3;3,6;3,1;2;3,4;3,3;3;5,5;2,8;10,1;5
15-Prata;Junho;16;2,2;2;1,7;1,2;1,8;1,9;1,5;3;1,5;5,6;2,7
15-Prata;Junho;17;8,6;6,6;4,9;3,7;5,2;5,6;4,6;8,8;4,5;16;10,3
15-Prata;Junho;18;9,1;6,9;5,2;3,8;5,3;5,8;4,7;9,1;4,5;16,8;10,6
15-Prata;Junho;19;9,9;6,9;5;3,7;5,4;5,7;5,2;8,3;4,4;15,1;9,6
15-Prata;Junho;20;9,2;7;5,2;3,8;5,3;5,8;4,7;8,9;4,6;16,6;10,6
15-Prata;Junho;21;8,8;6,9;5;3,6;5,2;5,7;4,7;8,8;4,5;16,6;10,4
15-Prata;Junho;22;4,3;3,6;2,9;2;3,3;3,4;2,9;5,5;2,4;10,2;5
15-Prata;Junho;23;2,7;1,3;0,9;0,7;1;1;0,9;1,7;0,7;2,9;1,3
15-Prata;Junho;24;8,5;6,5;4,8;3,5;5;5,5;4,5;8,4;4,3;15,9;10,1
15-Prata;Junho;25;8,8;6,7;5;3,6;5,2;5,6;4,5;8,7;4,4;16,2;10,7
15-Prata;Junho;26;8,9;6,7;5,1;3,8;5,4;5,7;4,6;8,9;4,4;16,3;10,5
15-Prata;Junho;27;8,8;6,9;5;3,7;5,3;5,7;4,5;8,9;4,3;16,2;10,7
15-Prata;Junho;28;8,7;6,6;4,9;3,6;5,2;5,5;4,6;8,7;4,2;16,4;10,2
15-Prata;Junho;29;4,2;3,5;2,8;2;3,2;3,3;2,8;5,4;2,5;9,6;4,9
15-Prata;Junho;30;1,9;1,5;1,3;0,8;1,4;1,5;1,4;2,6;1,2;4,8;2,4
15-Prata;Julho;1;7,9;6,4;4,5;3,3;4,8;5,2;4,1;8,1;3,8;15,1;9,8
15-Prata;Julho;2;8,4;6,6;4,8;3,5;5;5,4;4,5;8,5;3,9;16;10,2
15-Prata;Julho;3;8;6,5;4,6;3,5;4,9;5,4;4,3;8,2;3,8;15,1;9,7
15-Prata;Julho;4;8,5;6,8;4,8;3,7;5,1;5,5;4,4;8,6;3,9;15,9;10,3
15-Prata;Julho;5;8,4;6,5;4,7;3,5;5;5,5;4,4;8,7;3,9;16,1;10,1
15-Prata;Julho;6;4,2;3,4;2,9;1,9;3,2;3,3;2,8;5,4;2,4;10;4,8
15-Prata;Julho;7;2,1;1,8;1,5;1;1,7;1,7;1,5;3;1,4;5,4;2,5
15-Prata;Julho;8;6;4,6;3,3;2,4;3,7;4,1;3,4;6,6;2,9;12,7;7,4
15-Prata;Julho;9;2,4;1,8;1,4;1;1,7;1,7;1,6;3,2;1,4;5,8;3,2
15-Prata;Julho;10;8,2;6,3;4,6;3,4;4,9;5,3;4,4;8,3;3,8;15,5;10
15-Prata;Julho;11;8,3;6,6;4,7;3,5;5;5,4;4,3;8,3;3,9;15,8;10,1
15-Prata;Julho;12;8,1;6,3;4,6;3,4;4,8;5,3;4,3;8,2;3,7;15,7;9,9
15-Prata;Julho;13;4,1;3,3;2,8;1,8;3,1;3,1;2,7;5,1;2,4;9,3;4,7
15-Prata;Julho;14;2,3;1,4;1;0,7;1,1;1,1;0,9;1,7;0,8;3,1;1,5
15-Prata;Julho;15;9,1;5,7;3,7;3;4,3;4,9;3,8;7,2;3,5;14,8;8,9
15-Prata;Julho;16;8,4;6,5;4,6;3,4;5;5,3;4,3;8,4;3,8;15,5;10,2
15-Prata;Julho;17;8,4;6,7;4,7;3,6;5;5,5;4,4;8,6;3,9;15,7;10,1
15-Prata;Julho;18;8,4;6,7;4,8;3,5;4,9;5,4;4,3;8,5;3,9;15,9;10,1
15-Prata;Julho;19;8,3;6,5;4,5;3,3;4,8;5,2;4,3;8,3;3,8;15,4;9,8
15-Prata;Julho;20;4,1;3,5;2,9;2;3,1;3,2;2,9;5,2;2,4;9,5;5,1
15-Prata;Julho;21;2,1;1,8;1,4;1;1,6;1,8;1,5;2,9;1,4;5,2;2,7
15-Prata;Julho;22;8;6,2;4,3;3,3;4,7;5,1;4,2;8,2;3,7;15,2;9,7
15-Prata;Julho;23;8,5;6,6;4,8;3,6;5;5,4;4,4;8,5;3,9;15,7;10,3
15-Prata;Julho;24;8,6;6,8;4,8;3,7;5,1;5,5;4,6;8,7;4,1;16,1;10,5
15-Prata;Julho;25;8,5;6,7;4,8;3,6;5;5,4;4,4;8,6;4,2;16;10,5
15-Prata;Julho;26;8,5;6,5;4,6;3,4;4,9;5,4;4,5;8,5;4,1;15,9;10,2
15-Prata;Julho;27;5,3;2,5;2;1,1;1,8;1,6;1,5;2,6;1,3;4,5;2,2
15-Prata;Julho;28;2,2;1,9;1,5;1;1,7;1,8;1,5;2,9;1,3;5,3;2,7
15-Prata;Julho;29;8,6;6,4;4,6;3,4;5;5,2;4,3;8,3;4,2;15,4;10,2
15-Prata;Julho;30;8,6;6,4;4,6;3,5;4,9;5,4;4,4;8,3;4,2;15,4;10,3
15-Prata;Julho;31;8,9;7,1;4,9;3,6;5,2;5,7;4,7;8,8;4,4;16,5;10,7
15-Prata;Agosto;1;9,1;7;4,9;3,7;5,2;5,7;4,6;8,8;4,4;16,4;10,9
15-Prata;Agosto;2;8,8;6,8;4,8;3,6;5,1;5,7;4,7;8,8;4,4;16,3;10,5
15-Prata;Agosto;3;4,3;3,6;3;2;3,2;3,4;2,9;5,4;2,6;9,9;5
15-Prata;Agosto;4;2,1;2;1,4;1,1;1,6;1,8;1,5;2,8;1,3;5,2;2,7
15-Prata;Agosto;5;9,3;6,7;5;3,7;5,2;5,7;4,7;9;4,6;16,4;10,8
15-Prata;Agosto;6;10;7;5,3;3,9;5,4;5,9;4,8;9,3;4,7;17,1;11,2
15-Prata;Agosto;7;10,6;7,2;5,1;3,8;5,3;5,7;4,8;9;4,5;15,7;10
15-Prata;Agosto;8;10,2;7,3;5,2;4;5,3;5,9;4,7;9,2;4,5;16,9;11
15-Prata;Agosto;9;9,4;6,6;4,8;3,6;5,1;5,5;4,6;8,6;4,3;16,5;10,5
15-Prata;Agosto;10;4,2;3;2,5;1,8;2,7;2,9;2,4;4,9;2,2;8,8;4,4
15-Prata;Agosto;11;2,1;1,7;1,3;1;1,6;1,6;1,4;2,5;1,2;5;2,4
15-Prata;Agosto;12;9,6;6,8;5;3,7;5,3;5,7;4,7;8,9;4,4;16,5;10,6
15-Prata;Agosto;13;10;7;5;3,8;5,4;5,8;4,6;9;4,5;16,6;10,9
15-Prata;Agosto;14;10,2;7,1;5,1;3,9;5,4;5,9;4,9;9,2;4,7;16,8;11,2
15-Prata;Agosto;15;10,4;7,3;5,3;4;5,5;6,1;4,7;9,3;4,7;17;11,2
15-Prata;Agosto;16;10;7;5;3,8;5,4;5,9;5;9;4,5;16,9;11
15-Prata;Agosto;17;4,7;3,6;3;1,9;3,2;3,3;2,9;5,4;2,6;10;5,3
15-Prata;Agosto;18;2,4;1,9;1,4;1,1;1,7;1,8;1,6;2,8;1,5;5,4;2,7
15-Prata;Agosto;19;9,7;6,9;5,1;3,7;5,3;5,6;4,7;8,9;4,5;16,4;10,9
15-Prata;Agosto;20;10,4;7,1;5,3;4;5,6;5,9;4,9;9,4;4,7;17,1;11,5
15-Prata;Agosto;21;10,5;7,3;5,3;4,1;5,6;6,2;4,8;9,5;4,5;17,3;11,3
15-Prata;Agosto;22;10,5;7,2;5,3;4;5,6;5,9;4,8;9,5;4,7;17;11,5
15-Prata;Agosto;23;10,3;7;5,1;3,9;5,4;5,8;4,8;9,2;4,6;17,8;11,2
15-Prata;Agosto;24;4,5;3,4;2,7;1,8;3;3;2,6;5,1;2,3;9,5;5
15-Prata;Agosto;25;2;1,4;1,2;0,8;1,4;1,4;1,4;2,6;1,2;4,4;2,4
15-Prata;Agosto;26;9,6;6,7;4,8;3,7;5,2;5,6;4,6;9;4,4;16,3;10,7
15-Prata;Agosto;27;10,2;7,1;5,2;4;5,5;5,8;4,8;9,2;4,5;17,4;11,3
15-Prata;Agosto;28;10,4;7,2;5,3;4,1;5,4;6;5;9,3;4,7;17,4;11,3
15-Prata;Agosto;29;10,3;7,3;5,4;4;5,5;5,9;4,7;9,4;4,6;16,9;11,4
15-Prata;Agosto;30;10,1;7;5,1;3,9;5,4;5,8;4,9;9,3;4,6;16,9;11,1
15-Prata;Agosto;31;4,7;3,5;3;2,1;3,2;3,3;2,9;5,6;2,5;9,9;5,2
15-Prata;Setembro;1;3;1,1;0,9;0,6;0,9;0,8;0,8;1,5;0,7;2,6;1,3
15-Prata;Setembro;2;9,8;6,9;5;3,8;5,3;5,7;4,6;9,1;4,5;16,4;10,8
15-Prata;Setembro;3;10,4;7,2;5,4;3,9;5,6;5,9;4,9;9,5;4,8;17,1;11,5
15-Prata;Setembro;4;10,5;7,3;5,4;3,9;5,7;6,1;5;9,4;4,8;17,3;11,5
15-Prata;Setembro;5;10,5;7,3;5,3;3,9;5,7;6,1;4,9;9,6;4,8;17,2;11,4
15-Prata;Setembro;6;10;7,1;5,2;3,8;5,5;6;5;9,3;4,5;17,4;11
15-Prata;Setembro;7;3,8;3,1;2,6;1,8;2,9;3;2,5;4,9;2,2;8,8;4,4
15-Prata;Setembro;8;3,3;1,3;0,9;0,6;0,9;0,8;1;1,4;0,7;2,7;1,4
15-Prata;Setembro;9;9,9;6,9;5,1;3,7;5,5;5,8;4,7;9,2;4,4;16,8;11,1
15-Prata;Setembro;10;10,6;7,4;5,3;4;5,7;6,2;5;9,6;4,7;17,4;11,6
15-Prata;Setembro;11;10,5;7,3;5,3;4;5,7;6,2;5;9,4;4,7;17,5;11,5
15-Prata;Setembro;12;10,5;7,3;5,3;3,9;5,6;6,1;4,8;9,5;4,8;17,4;11,6
15-Prata;Setembro;13;10;7;5,2;3,8;5,4;5,8;5,2;9,3;4,6;17,2;11,4
15-Prata;Setembro;14;4,8;3,7;2,9;2;3,3;3,5;3;5,5;2,5;10,1;5,4
15-Prata;Setembro;15;2,8;1,2;0,8;0,5;0,8;0,8;0,8;1,4;0,6;2,6;1,2
15-Prata;Setembro;16;9,4;6,4;4,6;3,5;5;5,5;4,4;8,5;4,2;15,1;10,7
15-Prata;Setembro;17;10,4;7,3;5,2;3,8;5,5;6;4,8;9,3;4,6;17,1;11,5
15-Prata;Setembro;18;10,2;7,3;5,3;3,9;5,6;6,1;4,9;9,5;4,6;17,2;11,5
15-Prata;Setembro;19;10,3;7,4;5,2;3,9;5,6;5,9;4,9;9,2;4,6;17,2;11,5
15-Prata;Setembro;20;10;7;5,1;3,7;5,3;5,9;4,9;9,3;4,5;17,4;11,1
15-Prata;Setembro;21;4,7;3,8;3;2;3,3;3,3;2,8;5,3;2,6;10,1;5,3
15-Prata;Setembro;22;2,4;1,8;1,5;1,1;1,7;1,8;1,6;2,9;1,5;5,5;2,8
15-Prata;Setembro;23;9,6;6,5;4,9;3,7;5,4;5,7;4,7;9,1;4,6;16,7;11,1
15-Prata;Setembro;24;10,3;5,9;5,2;3,9;5,7;6;5;9,4;4,8;17,4;11,8
15-Prata;Setembro;25;10,2;5,9;6,1;4;5,6;6;5;9,4;4,8;17,4;11,7
15-Prata;Setembro;26;10,1;6,4;5,2;3,9;6;5,9;4,8;9,5;4,7;17,3;11,6
15-Prata;Setembro;27;9,6;6,1;5,1;3,8;5,3;5,8;4,7;9,1;4,6;17;11,2
15-Prata;Setembro;28;4,5;3,1;3;2;3,3;3,3;2,9;4,9;2,5;10;5,3
15-Prata;Setembro;29;2,7;0,9;0,9;0,6;1;0,9;0,9;1,4;0,8;2,7;1,3
15-Prata;Setembro;30;9,4;6,4;5;3,8;5,3;5,9;4,7;8,6;4,5;16,9;11,2
15-Prata;Outubro;1;10,2;7,4;5,4;3,9;5,6;6;4,9;9;4,8;17,8;11,8
15-Prata;Outubro;2;10,1;7,4;5,3;3,9;5,7;6,1;4,9;9,1;4,7;17,3;11,8
15-Prata;Outubro;3;10;7,3;5,1;3,9;5,5;5,9;4,8;9,2;4,6;17,1;11,8
15-Prata;Outubro;4;9,5;6,9;5;3,6;5,3;5,7;4,7;9,1;4,5;17,4;11,3
15-Prata;Outubro;5;4,5;3,6;3,1;2,1;3,3;3,3;3;5,7;2,5;10,4;5,3
15-Prata;Outubro;6;3,2;2,9;2,3;1,9;2,7;2,2;2,6;4,3;2,1;7,3;3,7
15-Prata;Outubro;7;9,6;6,8;5;3,8;5,4;5,8;4,8;9,2;4,6;17,3;11,3
15-Prata;Outubro;8;10,3;7,4;5,3;4;5,7;6,1;5;9,6;4,8;17,7;12
15-Prata;Outubro;9;10;7,4;5,4;4;5,6;6,1;4,9;9,5;4,7;17,3;10,9
15-Prata;Outubro;10;9,9;7,2;5,2;3,9;5,5;6;4,8;9,5;4,8;17,2;11,5
15-Prata;Outubro;11;9,7;7;4,9;3,7;5,5;5,9;4,8;9,3;4,7;17,1;10,7
15-Prata;Outubro;12;3,3;3;2,4;1,5;2,7;2,8;2,4;4,7;2;7,9;4,1
15-Prata;Outubro;13;2,3;1,8;1,4;1;1,7;1,7;1,5;2,8;1,4;5,5;2,9
15-Prata;Outubro;14;9;6;4,8;3,4;5,2;5,5;4,5;8,7;4;16,3;10,9
15-Prata;Outubro;15;9,7;7,1;5,1;3,7;5,4;5,7;4,6;9,2;4,2;16,8;11,4
15-Prata;Outubro;16;10;7,4;5,3;3,9;5,5;6;4,9;9,5;4,5;17,2;11,3
15-Prata;Outubro;17;10,1;7,5;5,3;4;5,6;5,9;4,9;9,5;4,5;17,3;11,3
15-Prata;Outubro;18;9,4;7;4,8;3,6;5,1;5,6;4,6;8,9;4,3;16,7;10,6
15-Prata;Outubro;19;4,2;3,2;2,7;1,7;2,9;2,9;2,6;5,1;2,3;9,2;4,9
15-Prata;Outubro;20;2;1,5;1,2;0,9;1,4;1,4;1,3;2,5;1,1;4,7;2,4
15-Prata;Outubro;21;9,5;6,9;5;3,7;5,2;5,8;4,7;9;4,5;16,9;11,3
15-Prata;Outubro;22;10,2;7,4;5,4;3,9;5,6;6;5;9,8;4,8;17,6;11,8
15-Prata;Outubro;23;9,9;7,3;5,2;3,9;5,5;6;4,8;9,4;4,6;17,7;11,8
15-Prata;Outubro;24;9,9;7,2;5,1;3,8;5,5;5,9;4,8;9,6;4,8;17,3;11,9
15-Prata;Outubro;25;9,3;6,8;4,9;3,6;5,2;5,6;4,7;9,1;4,4;16,9;11,2
15-Prata;Outubro;26;4,7;3,6;2,9;1,9;3,3;3,4;3;5,5;2,4;10,2;5,3
15-Prata;Outubro;27;3;2,5;2,2;1,8;2,5;2,4;2,5;4,2;2;6,9;3,9
15-Prata;Outubro;28;8,8;6,5;4,6;3,3;4,9;5,4;4,3;8,3;3,7;15,8;10,1
15-Prata;Outubro;29;10,1;7,2;5,3;3,9;5,7;6;4,9;9,6;4,6;17,4;12,1
15-Prata;Outubro;30;10;7,3;5,3;4;5,6;6,1;4,9;9,5;4,4;17,7;12
15-Prata;Outubro;31;10;7,4;5,3;4;5,7;6;4,9;9,5;4,3;17,7;12
15-Prata;Novembro;1;9,9;7,1;5,2;3,9;5,7;5,9;4,9;9,4;4,6;17,6;11,6
15-Prata;Novembro;2;3,5;2,5;2,2;1,5;2,4;2,4;2,1;4,1;1,8;7,4;3,8
15-Prata;Novembro;3;2,3;2;1,4;0,9;1,6;1,6;1,5;2,8;1,4;5,3;2,7
15-Prata;Novembro;4;9,6;6,7;4,8;3,7;5,2;5,7;4,5;8,9;4,4;16,5;11,4
15-Prata;Novembro;5;10,4;7,5;5,4;3,9;5,7;6;5;9,7;4,8;17,5;12,2
15-Prata;Novembro;6;10,4;7,3;5,3;3,9;5,5;6,1;5;9,5;4,8;17,4;12
15-Prata;Novembro;7;10,2;7,3;5,4;3,9;5,6;6;4,8;9,7;4,8;17,6;11,9
15-Prata;Novembro;8;9,5;6,7;4,8;3,6;5,3;5,7;4,7;9,1;4,4;16,8;11,4
15-Prata;Novembro;9;4,8;3,9;3,1;2;3,5;3,5;3;5,9;2,7;10,6;5,5
15-Prata;Novembro;10;2,9;2,5;1,7;1,2;2,1;2,1;1,9;3,5;2;6,1;3,2
15-Prata;Novembro;11;9,8;7,1;5,1;3,8;5,6;6;4,9;9,3;4,5;17,3;11,6
15-Prata;Novembro;12;10,2;7,5;5,4;4;5,7;6,2;5;9,8;4,6;17,6;12,3
15-Prata;Novembro;13;10,4;7,5;5,4;4;5,7;6,2;5;9,6;4,8;17,7;12,2
15-Prata;Novembro;14;10,2;7,7;5,4;3,9;5,7;6,2;5;9,7;4,8;17,9;12,1
15-Prata;Novembro;15;4,3;2;1,5;0,9;1,4;1,3;1,1;2,1;0,9;3,6;1,8
15-Prata;Novembro;16;3,9;2,9;2,6;1,6;2,9;2,9;2,6;4,8;2,2;8,6;4,7
15-Prata;Novembro;17;2,3;1,8;1,4;1;1,7;1,7;1,4;3;1,4;5,6;3
15-Prata;Novembro;18;9,6;7,2;5,1;3,7;5,5;5,8;4,8;9,2;4,2;17,1;11,6
15-Prata;Novembro;19;10,4;7,7;5,5;4;5,8;6,1;5;9,8;4,5;17,7;12,4
15-Prata;Novembro;20;3,5;3,1;2,3;1,6;2,6;2,6;2,3;4,5;2;8,2;4,8
15-Prata;Novembro;21;9,8;7,4;5,3;3,8;5,7;6;4,9;9,5;4,6;17,4;12,1
15-Prata;Novembro;22;9,9;7,1;5,2;3,8;5,7;6;4,9;9,6;4,6;17,8;11,8
15-Prata;Novembro;23;4,8;3,7;3;2,1;3,4;3,4;3;5,7;2,6;10,4;5,6
15-Prata;Novembro;24;2,4;2,1;1,5;1,1;1,8;1,9;1,5;3;1,5;5,7;3,2
15-Prata;Novembro;25;9,6;7,2;5,2;3,7;5,5;5,9;4,8;9,3;4,7;17,2;11,8
15-Prata;Novembro;26;10,4;7,6;5,5;3,9;5,7;6,2;5;9,8;4,8;17,9;12,4
15-Prata;Novembro;27;10,2;7,4;5,5;3,9;5,8;6,2;4,9;9,7;4,7;17,9;12,3
15-Prata;Novembro;28;9,9;7,3;5,4;3,9;5,6;6;4,9;9,6;4,7;17,5;12,4
15-Prata;Novembro;29;9,8;7,3;5,4;3,9;5,7;6,1;5,1;9,6;4,6;18,1;11,8
15-Prata;Novembro;30;5;4;3,2;2,2;3,6;3,7;3,2;6,1;2,7;11,1;5,9
15-Prata;Dezembro;1;2,5;2,1;1,6;1,1;1,8;1,8;1,6;3,2;1,4;5,9;3,1
15-Prata;Dezembro;2;9,5;7;5,2;3,7;5,6;5,8;4,8;9,5;4,5;17,2;11,7
15-Prata;Dezembro;3;9,8;7;5,1;3,7;5,5;5,9;4,7;9,4;4,6;17,5;12
15-Prata;Dezembro;4;10,1;7,3;5,3;3,6;5,6;5,9;4,8;9,6;4,7;17,7;12,1
15-Prata;Dezembro;5;10,3;7,4;5,4;3,9;5,7;6,1;4,9;9,7;4,7;18;12,3
15-Prata;Dezembro;6;10;7,4;5,4;3,9;5,9;6,2;5,1;9,9;4,8;18,3;12,2
15-Prata;Dezembro;7;5,1;4;3,4;2,4;3,9;3,9;3,4;6,4;3;11,8;6,1
15-Prata;Dezembro;8;2,5;2,1;1,7;1,1;1,9;2;1,7;3,3;1,6;6;3,3
15-Prata;Dezembro;9;9,4;6,8;5,1;3,6;5,4;5,8;4,7;9,3;4,3;17,2;11,6
15-Prata;Dezembro;10;9,8;7,2;5,2;3,7;5,5;5,9;4,8;9,4;4,4;17,4;12,1
15-Prata;Dezembro;11;9,8;7,3;5,4;3,8;5,7;6;4,9;9,6;4,4;17,9;12,2
15-Prata;Dezembro;12;9,8;7,4;5,4;3,9;5,7;6,1;4,9;9,7;4,3;17,8;12,2
15-Prata;Dezembro;13;9,4;7,1;5,2;3,8;5,8;6;4,9;9,4;4,2;17,7;11,9
15-Prata;Dezembro;14;4,9;3,9;3,1;2,2;3,6;3,7;3,1;6,1;2,7;11,3;5,8
15-Prata;Dezembro;15;2,7;2,1;1,7;1,2;1,8;2;1,9;3,4;1,8;6,3;3,5
15-Prata;Dezembro;16;8,8;6,8;4,9;3,5;5,4;5,7;4,6;8,9;4,1;16,8;11,5
15-Prata;Dezembro;17;9,2;7,1;5,1;3,7;5,6;5,9;4,7;9,1;4,1;17,2;11,8
15-Prata;Dezembro;18;9,2;7;5;3,6;5,4;5,8;4,7;9,1;4;17,2;12,2
15-Prata;Dezembro;19;8,9;6,8;5;3,6;5,4;5,6;4,6;9;4;17,1;11,9
15-Prata;Dezembro;20;8,4;6,3;4,7;3,2;5,2;5,5;4,5;8,8;4;16,6;10,9
15-Prata;Dezembro;21;4,3;3,3;3;2,1;3,3;3,6;3,1;5,8;2,6;11;5,3
15-Prata;Dezembro;22;2,4;2;1,6;1,1;2;2,1;1,8;3,4;1,5;6,2;3,4
15-Prata;Dezembro;23;6;4,2;3,3;2,3;4;4,2;3,6;6,9;3;13;7,8
15-Prata;Dezembro;24;3;2,4;2;1,3;2,3;2,5;2,2;4,2;1,8;7,8;4,2
15-Prata;Dezembro;25;1,3;1,1;1;0,7;1,2;1,3;1,2;2,1;1;3,7;2,1
15-Prata;Dezembro;26;5,4;3,5;2,7;1,9;3;3,5;2,8;5,7;2,5;10,6;7,1
15-Prata;Dezembro;27;5,7;3,9;3,2;2,2;3,4;3,9;3,3;6,5;2,8;12,8;7,6
15-Prata;Dezembro;28;3,5;2,7;2,3;1,5;2,6;2,7;2,4;4,6;2;8,4;4,3
15-Prata;Dezembro;29;2,1;1,5;1,3;0,9;1,5;1,5;1,4;2,7;1,2;5;2,6
15-Prata;Dezembro;30;4,6;3,2;2,6;1,7;2,9;3,3;2,8;5,5;2,4;10,5;6
15-Prata;Dezembro;31;2,5;2,1;1,8;1,2;2;2,1;1,8;3,7;1,5;6,6;3,4
