LINHA;MES;DIA;JAB;CON;JUD;SAU;ARV;SCZ;VMN;ANR;PSO;VGO;JQM;LIB;PSE;BTO;LUZ;TRD;PPQ;TTE;CDU;SAN;JPA;PIG;TUC
1-Azul;Janeiro;1;56,2;4,5;2,6;4,1;1,8;18;2,2;2,9;3;4,1;3,5;3,7;1,9;2,5;14,4;2;4,1;32,5;1,6;8,6;1,4;2,1;10,1
1-Azul;Janeiro;2;70;15,7;8,9;15,4;8,2;56;8,5;10,4;11,1;14,6;10,7;16,5;8,5;34,2;75,7;5,9;11,6;55,8;6,3;27,8;5,4;6,9;31,4
1-Azul;Janeiro;3;65,1;19,1;10,8;18,6;10;66,6;10,6;12,8;13,7;18;13,2;17,9;10;43,3;89,8;7,2;13,5;47,7;7,9;33,2;6,7;8,3;39
1-Azul;Janeiro;4;57,3;19,9;11,1;19,3;10,5;68,6;11,2;13,5;14,1;18,8;14;18,8;10,4;45,5;103,6;7,8;14,1;41,9;7,6;35,1;7;9;41,1
1-Azul;Janeiro;5;57,8;18,6;11,5;20,5;10,4;72,2;11,5;14,2;14,4;18,4;14,6;21,3;11;47,9;102,2;8,2;14,4;40,9;7,9;37;7,4;9;41,8
1-Azul;Janeiro;6;43,2;8,9;6,9;13,9;7,2;49,1;5,8;10,9;9,9;10,5;9,6;30,3;7,1;34,3;67;6,2;9,4;34,5;4,6;24;4,4;5,5;27,9
1-Azul;Janeiro;7;38;7,2;4,6;7,9;4;29,5;4;5,9;6,3;7,9;5,8;20,3;3;5,5;27,5;4,9;5,7;28,9;3,2;13,8;2,6;3,4;15,9
1-Azul;Janeiro;8;65,8;22,3;12,5;24,5;12;80,9;12,9;15;16,9;21,7;17,1;18,7;13,3;51;115,1;10,1;15,9;45,7;8,7;40,1;8,3;10,5;46,1
1-Azul;Janeiro;9;62,8;25,1;13,2;23;12,8;83,8;13,8;16,3;17,3;21,7;17,8;20,8;14,1;53,5;125;11,6;17;42,5;9,3;42,7;9,1;11,2;48,4
1-Azul;Janeiro;10;62,8;25,5;13,3;23;13;84,1;14,1;16,9;17,5;22,4;18,1;21,2;14;51,3;124,5;10,5;16,1;41,7;9,3;42,9;9,4;11,5;49
1-Azul;Janeiro;11;61,4;24;13,3;23;13,2;82,6;14,1;16,7;17,3;21,7;17,3;20,3;13,4;50,2;122,3;10,5;15,9;40,7;9,1;42;9,2;11,2;48,2
1-Azul;Janeiro;12;61,3;21;12,5;22,2;12,9;82,1;11,3;16,1;16,2;20,4;16,6;19,6;13,1;48,7;115,9;10,5;16,7;42,4;8,9;41,6;8,5;10,7;46,8
1-Azul;Janeiro;13;40,9;11,8;7,2;14,5;7,8;50,1;8;10,9;10,5;11,1;10;25,2;7,1;32,1;67,1;6,8;10;32;4,5;24,6;4,8;5,7;28,2
1-Azul;Janeiro;14;34,6;8,4;4,9;8,9;4,5;34,4;5,8;6,3;6,5;8,3;9,9;20,9;3;5,8;30,4;5,1;6,8;29,5;2,9;16,7;2,9;3,8;16
1-Azul;Janeiro;15;65,1;23,3;12,9;22,3;12,7;82,6;13,8;15,5;16,8;21,2;17,6;19;13,6;51,3;123,5;11,7;16,7;45;8,8;42,7;9;11;48,2
1-Azul;Janeiro;16;63,8;25,7;13,9;23,4;13;85,7;14,6;17,3;18;22,4;18,6;20,7;13,7;51,7;125,4;12;16,8;40,9;9,8;43,8;9,8;11,8;50,3
1-Azul;Janeiro;17;62,7;26,1;13,6;23,4;13,5;86;14,7;17,3;18,1;22,7;18,7;20,2;13,5;49,7;124,4;11,8;17;40,1;9,6;43,9;9,7;11,7;50,3
1-Azul;Janeiro;18;63,2;25,6;14,1;23,5;13,7;85,9;14,8;18,2;18;22,7;18,5;20;13,5;50;127,4;11,9;14,4;40,3;9,4;44;10;11,7;49,9
1-Azul;Janeiro;19;63,7;21,9;13,2;22,8;13,5;85,6;14,5;16,9;16,9;21,4;17,7;20,5;13,5;49,4;108,2;12,1;16,5;42,8;9,3;43,6;9,4;11,2;48,2
1-Azul;Janeiro;20;43,6;12,4;7,4;14,7;8,1;52,7;8,6;11,3;10,8;11,3;10,7;23,4;7,3;35,8;88,5;7,3;10,4;32,9;5;26,2;5,1;6,2;27,4
1-Azul;Janeiro;21;33,7;7,2;4,5;7,9;4,1;30,3;4,6;6;6,1;7,6;6,5;17,6;2,7;5,7;28,6;3,9;6,4;28;3,2;12;2,5;3,5;16,3
1-Azul;Janeiro;22;65,2;24,3;13,2;22,8;13,2;84;14,7;16,1;17,4;22,6;18,6;19,5;14;52,3;126,9;12;17,1;45;9,7;43,5;9,6;11,6;49,6
1-Azul;Janeiro;23;61;25,8;13;22,2;13;82,8;14,6;16,5;17,9;23;18,6;18,5;12,8;45;113,5;11,4;15;40,3;9,5;42,1;9,4;11,3;48,3
1-Azul;Janeiro;24;64,2;26,7;14,3;24,5;14,5;91,1;16,2;18,3;19,1;24;20;21;14,8;54,6;126,9;12,6;16;45,7;10,5;46,5;10,4;12,2;51,6
1-Azul;Janeiro;25;34;10;5,7;10,9;5,9;40,6;6,1;8,7;7,6;9,8;8,4;15,3;4,4;17,8;50,9;4,5;7,3;32;4,7;19,8;3,9;5,1;23,4
1-Azul;Janeiro;26;55,7;18,5;11,2;20,2;11,8;71,5;12,5;16,7;16,9;17,1;14,9;20;11,3;48,2;95;9,3;12,7;43,1;8,3;36,8;7,7;9,1;41,1
1-Azul;Janeiro;27;42,7;12,3;7,7;14,2;8,1;51,9;8,3;11,3;10,5;11,2;10,5;25,6;7,1;36,7;82,1;6,8;9,2;36,4;4,6;25,3;5,1;6;29,5
1-Azul;Janeiro;28;29,7;6,7;6,1;7,3;3,8;27,1;4,2;5,6;5,1;6,9;6;14,3;2,5;6,2;21,7;3,3;5,8;29,8;3,3;13,3;2,3;3,3;14,8
1-Azul;Janeiro;29;65;24,7;13,6;23,3;13,7;86,4;15,8;17,9;17,9;23,2;19,3;19,1;13,7;52,7;120,2;12,4;16,7;45,4;9,8;44,4;9,7;11,8;50,2
1-Azul;Janeiro;30;66,1;27;14,8;24,7;14,5;91,5;16,8;19,6;19,5;24,6;21;19,8;14,6;53;126,6;13;17,4;41,6;10,3;46,7;10,5;12,8;52,4
1-Azul;Janeiro;31;64,9;26,7;14,2;24,1;14,4;90,1;16,6;19,1;19,2;24,4;20;19,2;14,4;52,6;122,6;13,4;17,4;40,2;10,1;46,3;10,3;12,5;51,5
1-Azul;Fevereiro;1;64,9;28,2;14,6;25,1;14,6;90,2;17;19,4;19,4;24,4;21,2;19,5;12,9;58,3;129,6;13,3;17,8;40,6;10,1;46,7;10,6;12,6;51,8
1-Azul;Fevereiro;2;64,5;24,3;13,9;24,1;14,2;87,9;16,4;18,5;17,7;23,1;20,1;20,3;13,8;48,4;115,2;12,5;17,6;40,5;9,9;42,5;10;11,8;50,5
1-Azul;Fevereiro;3;44,3;13,6;8,3;16,1;8,9;55;9,7;13,7;12,2;12,4;11,5;26;8,1;42,7;70,6;10,2;10,8;32,1;5,4;27,6;5,8;6,9;31
1-Azul;Fevereiro;4;31,4;8,2;4,7;8,4;4,4;32;4,9;7,1;6,7;8,3;7,5;19,4;3,2;7;34,7;5,7;6,5;29,7;3,5;16,2;3,1;4,1;17,2
1-Azul;Fevereiro;5;67,1;28,1;14,5;25,5;14,3;85,6;18,7;18,8;19,5;24,1;22,7;24;14,9;54,8;115,4;13,6;18,3;47,5;10,2;46,8;10,6;12,5;52,7
1-Azul;Fevereiro;6;64,7;29,6;15,3;25,6;15,1;93,7;19,6;20,3;21;25;23,7;23,2;15;55,3;133,6;14,1;18,4;42,4;11,2;47,2;11,3;13;53
1-Azul;Fevereiro;7;67,7;30,4;15,4;26,6;15,5;95,1;19,9;20,6;21,6;26,3;25,2;23,7;15,2;56;127,5;12,9;16,2;43;11,6;47,5;11,3;13,6;55,3
1-Azul;Fevereiro;8;67,8;29,4;15,3;30,3;15,5;94,2;19,8;21;21,2;25,7;24,6;22,8;14,8;57,4;132,8;14,3;18,6;40,8;11,2;48,4;11,1;13,2;54,7
1-Azul;Fevereiro;9;66;23,8;14,1;25,2;14,2;86,9;18,2;19,4;18,6;23,6;21,8;21,7;14,3;53,2;133,9;13,2;18,1;46,1;10,6;47,3;10,1;12,3;51,9
1-Azul;Fevereiro;10;43,7;12,9;7,5;15,3;8,4;57,2;8,7;13,7;12,3;11,1;10,8;24,8;7,9;38,3;78,6;6,9;13,2;42;5,5;26,9;5,3;6,4;30,8
1-Azul;Fevereiro;11;32,2;8,3;4,8;9,1;4,6;38,4;4,8;9,2;7,6;7,3;7,2;17,6;3,2;8;42,3;4,4;11,4;30,1;4;17;3,5;4,4;19,8
1-Azul;Fevereiro;12;42,8;11,3;6,9;13,4;7,1;49,6;8;13;11,2;11,8;9,1;16,9;6,3;31,3;57,3;5,4;13,1;32,8;5,4;23,7;4,6;5,6;27,1
1-Azul;Fevereiro;13;41,2;9;5,4;10,2;5,1;40,5;5,9;9,6;9,2;9,3;7,1;12,2;4;10,5;43,1;3,9;9,8;31,1;3,5;18;3,7;4,5;21,3
1-Azul;Fevereiro;14;56,9;18,2;11;18,9;10,6;65,8;11,9;16;16,8;18,8;14,8;15,3;11;37,2;93,9;9,3;14,2;44,9;7,8;35,2;7,1;8,7;39,8
1-Azul;Fevereiro;15;65,6;27,5;13,9;24,5;13,6;88,3;18,6;19,5;20,6;25,5;22,1;19,4;13,9;49,5;126,9;15,3;18,4;42,4;11,1;46,3;10,7;12,4;52
1-Azul;Fevereiro;16;65,4;24,8;13,8;24,9;14,6;87;18,9;18,8;19,2;24,1;21,5;21;14;50,4;133,7;15;18,1;40,8;10,7;46,3;10,4;12,1;51,2
1-Azul;Fevereiro;17;44,2;13,3;8;15,9;8,7;55,1;9,9;13,4;12,5;12,3;11,4;23,6;8;35,7;75,6;7,8;10,6;30,4;5,2;27,3;6;6,6;31,4
1-Azul;Fevereiro;18;30,7;7,2;4,4;7,9;4,1;30,9;4,4;6,8;5,7;7,4;6;14,9;2,9;6,3;27,6;3,6;6,3;31;3,7;14,7;2,7;3,7;16,3
1-Azul;Fevereiro;19;68,5;28,7;14,4;25,6;14,7;91,7;18,2;19,1;21,7;26;31,5;20,7;14,3;50,4;134,8;16,6;20,3;45,3;11,6;48,2;11,1;13;54
1-Azul;Fevereiro;20;67,6;30,5;14,9;26,4;15,1;93,8;22;20,3;23;26,8;34,1;20,4;14,3;48,7;131,6;16,7;20,2;41;11,9;49,9;11,8;13,6;55,4
1-Azul;Fevereiro;21;67;30,5;15,1;26,5;15,5;95,6;22,1;20,7;22,8;27;33,2;20,6;14,6;50,2;131,8;16,6;20,3;40,5;11,6;50,4;11,6;13,6;55,2
1-Azul;Fevereiro;22;67,3;29,8;15,3;26,7;14,4;94,3;21,7;20,9;22,8;26,8;33,5;20,9;12,3;49,9;132,6;16,8;20,3;36,8;11,7;49,4;11,7;13,5;55,1
1-Azul;Fevereiro;23;67,2;25,7;14,6;26;15,4;93,9;20,6;20,4;20,5;25;29,8;22;14,3;49,5;129,1;16,2;19,9;41,8;11,4;48,6;11;12,7;53,8
1-Azul;Fevereiro;24;41,4;12,7;7,6;15;8,3;54,6;10,2;12,6;11,6;12,2;11,9;27,3;7,3;31,9;71,3;8;10,8;29,3;4,9;27;5,6;6,3;30,1
1-Azul;Fevereiro;25;33,7;8,7;5,5;9,8;5,2;34,3;6;11,5;16,2;11,4;8,4;25,1;3,6;6,5;30;4,8;6,7;30,3;4,6;16,8;4;5;20,3
1-Azul;Fevereiro;26;68,3;29,5;14,5;25,9;15;93;21,1;19,3;21,7;25,8;34,5;20,2;14,4;48,6;132,3;16,3;20,7;44,3;11,3;48,4;11,2;13,2;54,2
1-Azul;Fevereiro;27;68,2;31,4;15,4;27,2;15,9;96,1;22,7;20,9;23,3;27,7;36,3;20,9;14,5;48,5;130,6;16,8;20,8;41,1;11,9;50,7;12;13,7;56,2
1-Azul;Fevereiro;28;67,8;31;17,4;27;15,9;96,1;22,7;21,2;23,2;27,3;36,4;20,3;14,3;48,4;138,1;16,6;20,7;41,5;12;50,4;11,8;13,8;55,4
1-Azul;Fevereiro;29;64,8;29,9;12,4;26,6;15,5;92,6;22,3;22,5;23;27,1;35,1;21;14,6;49,6;145,5;16,2;20;40,3;11,9;50,3;12;13,9;55,6
1-Azul;Março;1;66,3;25,8;14,7;26,4;15,8;94,1;21;20,8;20,6;25,2;31,9;22;14,3;50,4;131;15,9;19,9;42,8;11,6;49,3;11,4;13;54
1-Azul;Março;2;45,3;13,6;8,1;16,5;9;56,7;10,4;13,2;12;12,7;12,1;26,5;7,7;34,8;72,4;8,4;10,5;30,7;5,6;27,8;5,9;6,7;31,6
1-Azul;Março;3;31,2;7,7;4,9;8,2;4,3;30,3;4,8;6,8;5,7;7,9;6,9;19,1;2,7;5,8;30,1;4;6,3;25,9;3,9;15,8;3,1;3,9;16,9
1-Azul;Março;4;71,5;29,4;14,8;26,8;15,3;93,7;21,5;20,1;21,6;26,2;35,4;21,3;14,5;50,7;133,3;16,3;20,5;46,6;11,7;48,9;11,4;13,2;55,4
1-Azul;Março;5;71,7;31,6;15,8;27,4;16,1;97,3;22,5;21,6;23,1;26,9;36,1;21,3;14,9;51,6;137;16,9;20,5;43,6;12,5;51,5;12;13,9;56,6
1-Azul;Março;6;72,6;31,8;15,9;27,9;16,1;97,7;23;21,8;23,3;27,7;37;22,2;15;52;132,6;17,3;20,4;42,1;12,3;51,4;12,1;14,2;56,5
1-Azul;Março;7;72,3;30,8;16;28;16,2;97,8;22,4;21,9;23,1;27,5;35,8;22,3;14,9;53,4;138,8;16,9;20,7;42,3;12,2;51,4;12,2;14;56,9
1-Azul;Março;8;71,5;26,7;15,4;30,7;15,7;97,7;21,2;21,1;21;25,7;32,3;22,3;15,2;53;138,6;16,4;20,2;45;12;50,6;11,3;13,2;55,2
1-Azul;Março;9;44;13,7;8,4;16,6;8,4;56,5;10,6;13,2;12;12,9;12,6;26,9;8;36,2;75,8;8,6;11,1;30,8;6;28,4;5,6;6,7;31,7
1-Azul;Março;10;31,3;7,6;4,5;8,6;4,2;30,4;5,6;6,5;5,7;7,7;6,8;18,3;2,6;5,4;33,7;3,8;7;27,1;4;14,5;2,5;3,7;16
1-Azul;Março;11;71,1;29,7;14,8;26,7;15,4;95;21,4;20;21,8;26,3;36,1;21,4;14,7;51,8;125,8;16,3;20,6;47,9;11,8;49,5;11,4;13,6;54,6
1-Azul;Março;12;71,6;30,5;15,7;28;16,1;98,1;22,7;21,5;23,5;27,3;37,6;21,9;15;51,8;140,5;16,9;20,7;45,3;12,7;51,8;12,2;14,1;51,5
1-Azul;Março;13;70,7;31,7;15,7;27,7;16;97,9;23,1;21,9;23,3;27,9;37,2;22;15,4;52,4;142,6;16,9;19,8;43;12,4;51,2;12,3;14,1;56,6
1-Azul;Março;14;70,2;30,4;15,6;27,3;16,2;97,2;22,7;22;20,2;27,2;35,5;21,8;14,8;51,6;138,6;16,8;19,4;42,6;12,2;51;12;13,9;55,8
1-Azul;Março;15;71,6;26,4;14,8;26,7;15,6;96;21,5;20,8;20,8;25,4;32,7;22,7;14,3;51,8;136,1;16,1;20,1;44,5;11,7;48;11,2;13,2;54,9
1-Azul;Março;16;45,7;13,2;8,3;15,7;9,1;56,6;10,7;13,6;12,3;13,5;12,8;25,8;7,9;35;69,6;8,8;10,2;34,8;5,6;28,1;5,7;7;31,8
1-Azul;Março;17;33,4;7,4;4,8;8,1;4,3;31,6;6,6;6,6;6;7,9;9,5;18,6;2,9;6,1;41,2;5,7;6,4;26,6;3,5;15,2;3;3,8;17,4
1-Azul;Março;18;71,4;29,3;14,8;25,5;15,1;93,4;20,7;20;21,7;26,1;35,1;20,5;14,4;49,8;132,3;15,8;20,3;47,2;11,8;48,7;11,3;13,3;54,5
1-Azul;Março;19;73,5;31,9;15,7;27,5;16,1;97,4;22,4;21,7;23,7;27,9;37;21,5;15;49,4;136,1;17,1;20,5;42,8;12,3;51;12,1;14,1;56,2
1-Azul;Março;20;73,7;31,8;15,8;27,8;16,3;98,8;22,8;21,9;23,5;27,8;36,8;21,9;15,1;51,8;140,3;16,8;20,5;41,4;12,2;51,5;12,2;14,3;57
1-Azul;Março;21;73,7;31;16,1;27,4;16,3;98,1;22,5;21,9;23,3;27,6;36,3;22,9;14,7;51,8;139,4;16,9;19,4;42,3;11,7;51;12,4;14;56,5
1-Azul;Março;22;72,9;26,4;15,1;26,3;15,2;88;20,9;20,7;20,8;25,4;30,8;21,1;13,9;46,7;121,8;15,6;19,4;44,8;11,2;48,4;11;13;53,1
1-Azul;Março;23;41,7;12,7;7,6;14,8;8,2;54,5;10,2;12,6;12,4;12,9;11,6;21,5;7,7;30,5;71,1;7,9;10,1;29,9;5;26,2;5,2;6,5;29,2
1-Azul;Março;24;26,9;7,2;4,6;7,9;4,2;29,4;4,7;7,1;6,2;8,6;8,2;16,2;2,9;6,1;28,3;3,4;5,6;24,7;3,3;14,7;2,8;3,5;15,1
1-Azul;Março;25;69,2;29,9;15,1;26,7;15,5;96,6;21,3;20,1;22,1;26,2;35,5;22,2;14,7;51,4;133,1;14,6;20,5;46;11,8;49,1;11,4;13,7;55
1-Azul;Março;26;71;32,1;16;28;16,3;98,4;22,3;22,2;24,7;28,2;36,3;21,9;15;51,1;138;16,6;20,4;43;12,5;51,5;12,2;14,5;56,8
1-Azul;Março;27;72;26,7;16;27,6;16;98,8;22,5;21,7;23,5;27,7;35,8;21,9;14,7;50,4;137,7;16,8;20,6;42,7;12,1;51,4;12,2;14,6;56,7
1-Azul;Março;28;71,1;29;16,6;26,3;15,3;96,7;18,4;20,7;20,5;25,5;31,6;20,9;13,2;49,2;129,8;16;17,9;46,6;11,2;48,4;11,2;13,1;54,2
1-Azul;Março;29;28,3;7,9;4,8;9,2;4,5;33,3;4,6;6,6;6,3;8,8;6,8;13,8;3,2;8,2;41;3,9;6,5;24,1;3,3;15,8;2,9;3,8;18,1
1-Azul;Março;30;37,7;11;6,6;14;7,3;46,2;7;10,1;9,4;11,3;9,2;25,9;6,8;32,7;59,1;6,7;9;24,2;4,7;23;4,6;5,4;26,6
1-Azul;Março;31;35,8;6,9;4,3;7,8;3,8;27,7;3,8;5,9;5;7,1;5,8;12,8;2,6;5,3;25,2;3,3;5,9;35,6;2,9;13,8;2,4;3,2;16
1-Azul;Abril;1;72,4;29;14,7;26,3;15,1;92,6;20,4;19,7;21,7;26,3;34,4;20,7;14,2;48,6;130,7;15,9;20,6;53,3;11,7;48,7;11,3;12,7;55,6
1-Azul;Abril;2;72,7;31,1;17;27,5;16,2;96,7;22,2;21,4;23,6;27,4;36;21,6;14,6;49,6;136,1;16,5;20,8;43,5;12,2;50,9;12,1;13;57,6
1-Azul;Abril;3;74,1;31,4;17,1;28,1;16,4;90;22,6;21,7;24;27,7;36,6;21,6;14,7;49,8;137,8;16,8;20,5;41,7;12,5;51,1;12,3;13,1;57,9
1-Azul;Abril;4;74,4;31,1;17,5;27,7;16,2;97,6;22,4;22;24;28;36;21,8;14,7;50,5;139,5;16,9;20,5;41,8;12,2;51,3;12,3;13;51,1
1-Azul;Abril;5;75,7;26,7;17;27,4;16;97,7;21,3;21,3;21,5;25,6;32,9;23,3;14,7;52,1;135,9;16,4;20,3;45,4;12,3;51;11,5;12,5;54,2
1-Azul;Abril;6;46,4;13,9;8,5;16,8;9,3;58,7;11;14,3;12,8;12,9;12,8;29,1;8,3;38;79,5;9,5;11,2;34,3;6,8;28,9;5,9;6,7;33
1-Azul;Abril;7;31,8;7,8;4,7;9;4,4;32,6;4,8;7,1;6,1;8,4;7,2;20,1;3,1;6,5;29,4;4,1;6,5;27,6;4,6;15,4;2,9;3,7;17,4
1-Azul;Abril;8;71,5;29,8;14,8;30,3;15;93,7;21;19,9;21,4;26,1;34,3;21,7;14,8;51,6;132,7;16,2;19,8;46,8;11,6;49,2;11,3;12,3;55,8
1-Azul;Abril;9;70,8;31,6;15,7;28,1;16,2;97;22,4;21,6;23,4;27,1;36,1;22;15;51,2;137,9;16,8;19,8;44;12,4;51,3;12,1;13,1;58,1
1-Azul;Abril;10;70,7;31,5;15,6;27,7;16,2;97,8;22,5;21,8;23,3;27,8;36,1;22;15;50,4;138,3;16,7;19,6;44;12,4;51,5;12,4;13,3;57,8
1-Azul;Abril;11;72,3;30,8;15,7;27,6;16;96,6;22;21,9;22,8;27,6;35,5;21,7;14,6;50;135,4;16,4;19,6;40,4;12,1;50,7;12;12,9;57,3
1-Azul;Abril;12;72,1;26,4;15;26,8;15,7;96,3;21;20,9;20,5;25,5;31,8;23,9;14,5;50,3;148,1;16,2;18,5;44,8;11,6;49,7;11,3;12,1;55,7
1-Azul;Abril;13;46,7;13,6;8,2;16,2;9,2;60,6;10,3;14;12,9;13,2;12,7;27,9;8,1;35,1;78,4;9,1;11,3;32,1;5,5;28,6;5,9;6,6;32,7
1-Azul;Abril;14;32;7,6;4,7;8,6;4,4;32,3;5,5;7,1;6;8,3;6,8;19,5;3,1;5,8;30,2;4;7,3;29,9;3,7;14,8;3;3,6;17,7
1-Azul;Abril;15;69,2;29;14,8;26,1;14,8;93,6;20,7;19,8;21,3;26,1;34,4;21,5;14,4;50,1;132,5;16;18,7;49,7;11,4;48,2;11,3;12,2;55,6
1-Azul;Abril;16;70,1;31,3;15,7;27,8;16;97,1;22,5;21,6;23,3;27,5;36,4;21,7;14,6;50,9;138,1;16,7;18,8;43,9;12,5;50,7;12,2;13;57,5
1-Azul;Abril;17;69,1;30,7;15,1;26,9;15,6;95,6;22,3;21,6;23;27,5;36;21,8;14,6;49,7;135,5;16,5;18,8;41,4;12,2;49,9;12;12,8;57
1-Azul;Abril;18;68,6;30;15,3;26,7;15,7;95,1;21,5;21,4;22,4;26,9;34,8;21,5;14,3;48,8;135,1;16,5;18,6;40,7;11,7;49,6;11,9;12,6;56,3
1-Azul;Abril;19;71,4;26,2;15;27;15,6;94,5;20,8;20,6;20,7;25,5;31,1;22,3;14,6;50,7;133,7;20,6;18;44,9;11,3;48,8;11,4;12,1;55,7
1-Azul;Abril;20;46;14;8,3;16,4;9,1;57,5;10,9;13,8;12,2;12,7;12,6;27,2;8,3;34,2;72,1;9;11,2;35,1;6,4;28,5;5,8;6,4;33
1-Azul;Abril;21;30,8;7,9;4,6;8,5;4,3;30,3;4,5;6,7;5,9;7,8;7;19,7;3;6,1;35,1;4,1;6,3;26,6;3,7;14,8;2,8;3,6;17,2
1-Azul;Abril;22;70,6;29,5;14,9;26,1;15,2;93,3;20,9;20;21,5;26,2;34,9;21,6;14,5;47,1;128,7;16;18,6;46,8;11,9;48,4;11,4;12,5;56,2
1-Azul;Abril;23;70,6;31,2;15,6;27,4;15,9;96;21,9;21,7;23;27,3;36,1;22;14,7;49,9;135;16,7;18,6;43,7;12,5;50,6;12,1;12,9;57,4
1-Azul;Abril;24;70;31,2;15,5;27,3;16,1;96,6;22,1;21,5;23,4;27,6;35,8;21,6;14,8;50,1;142,6;16,5;18,7;42,7;12,9;50,7;12,1;13;57,1
1-Azul;Abril;25;69,8;31,2;15,6;26,7;16,1;96,6;22;22;22,9;27,3;35,2;21,8;14,5;50,1;130,5;15,9;19,2;42,7;12,4;50,2;12;12,9;57
1-Azul;Abril;26;70,8;26,4;14,9;26,4;15,7;95,7;20,8;20,8;20,7;25,1;32,1;22,6;14,3;50,4;145,3;16,1;18,5;44,8;11,5;49,6;11,4;12,2;55,3
1-Azul;Abril;27;44,2;13,9;8,2;16,1;9,1;57,4;10,4;13,8;12,5;13;12,6;24,8;7,9;33,3;70,8;8,6;11,1;32,1;6;28;5,8;6,5;31,5
1-Azul;Abril;28;31,3;8,4;6,8;8,7;4,6;30,9;4,8;6,8;5,8;8,2;6,5;17,2;3,1;6,7;29,1;3,9;6;26,3;3,6;16,3;2,9;3,7;17,4
1-Azul;Abril;29;69,4;28,8;14,6;26,3;15,2;92,8;19,3;19,8;21,4;26,3;33,4;20,8;14,7;50;137,8;15,8;19,1;45,5;11,6;48,6;11,2;12,3;56
1-Azul;Abril;30;70,5;30,5;16,1;27,9;16,4;97,3;21,2;21,8;23;27,3;33,8;22;15,4;50,9;136,4;16,6;19,1;42,3;12,1;51,7;12;13,1;58,8
1-Azul;Maio;1;30,1;8,6;5,3;10;5,4;37;5,8;8,4;7,2;9,7;7,7;17,6;3,5;9,8;34,6;4,3;7;22,6;3,7;17,1;3,5;4;20,1
1-Azul;Maio;2;69,9;30,2;15,4;27,3;16,2;94,5;22;21,5;22,2;26,9;32,9;21,4;14,6;51,9;134,4;16;19;41;11,8;49,8;11,8;12,6;57,1
1-Azul;Maio;3;70,1;26,1;14,9;26,5;15,6;96,2;21,3;20,8;21,5;25,4;30,4;22,3;14,7;51,6;129;15,7;18,7;42,3;11,5;49,4;11,4;12;55,6
1-Azul;Maio;4;46,2;13,7;8;16,4;9;57,8;10,5;13,7;12;12,7;11,6;26,1;8,1;35,1;76,2;8,5;10,2;29,8;5,4;28,8;5,9;6,3;32,6
1-Azul;Maio;5;31,9;7,6;4,5;8,1;4,2;30,4;4,4;6,9;5,6;8,1;6,2;17,6;2,9;6,7;41,5;4,1;6,3;30,5;3,8;14,6;2,8;3,3;17
1-Azul;Maio;6;71,2;29,6;14,8;26,4;15,4;93,4;20,7;19,9;21,5;26,2;33,4;20,6;14,8;51,8;128,7;16,1;19,6;49;11,7;49,1;11,4;12,4;56,1
1-Azul;Maio;7;71,4;31,4;16;27,7;16,1;97,7;22;21,8;23,4;27,8;34,5;21,2;15,6;52,8;136,2;16,6;19,3;43,5;12,4;51,2;12,2;13;58,2
1-Azul;Maio;8;69,7;31,1;15,8;31,5;16,3;99,2;22,6;22,2;23,4;27,9;35,2;22,1;15,4;53,6;130,8;16,9;19,7;42,2;12,5;51,8;12,2;13,2;58,5
1-Azul;Maio;9;66,3;30,7;15,8;28;16,2;101,8;21,7;22,2;23;27,7;33,5;22,1;15;53,2;140,3;16,1;19,3;40,7;12;51;12;12,9;57,7
1-Azul;Maio;10;72,8;26,6;15,3;27;16,1;97,6;20,6;21,1;21,1;25,4;30,6;22,3;14,9;52,9;138,3;16,3;21,5;47,7;11,9;50,7;11,3;12,3;56,2
1-Azul;Maio;11;48,5;13,8;8,3;16,1;9,1;57,4;10,2;13,3;12,1;12,4;11,2;25,6;8,1;35,2;78,6;8,7;11;37;7;27;5,7;6,3;33,1
1-Azul;Maio;12;34;7,5;4,4;8;3,9;29,2;4;5,9;5,2;6,9;5,7;13,3;2,8;4,9;26,6;3,8;6,1;30,5;3,9;14,6;2,6;3,4;17,6
1-Azul;Maio;13;71,2;29,7;14,7;26,1;15;92,2;20,4;19,8;21,4;26;33;20,5;14,5;49,8;129,7;15,6;16,6;52,3;12,5;48,7;11,2;12,4;56
1-Azul;Maio;14;69;31,6;15,2;27,3;15,6;96;21,7;21,4;23,4;27,3;34,2;20,3;14,6;48,7;132,7;16,4;19,2;46,5;13,3;50,1;11,9;13;57,1
1-Azul;Maio;15;69,1;31,2;15,4;27,4;15,9;96;22;21,5;23,3;27,9;34,3;21,7;14,7;50;132,9;16,6;19,5;45,1;13,2;51,2;11,9;12,9;57,2
1-Azul;Maio;16;69,5;30,7;15,6;27,7;16,2;96,7;21,8;21,7;23,9;27,6;33,5;22;14,9;52,1;136,2;16,4;19,5;43,7;13;50,8;12,1;13,1;56,3
1-Azul;Maio;17;68,4;26,3;15;26,7;15,9;97,2;20,7;20,8;21,2;25,9;30,6;22,3;14,8;53,1;130,5;16;18,7;43,8;11,8;49,5;11,1;12,1;55,7
1-Azul;Maio;18;46,2;14;8,3;16,5;9,5;57,4;10,4;13,9;12,7;13,5;12,3;26,6;8;44,4;76,6;9,1;10,9;30,6;5,7;29,5;6;11,9;33,9
1-Azul;Maio;19;31,3;7,9;4,8;8,4;4,5;31,3;4,7;7,2;6;8,6;6,8;18,9;3;16,1;31,1;4,3;6,4;26,5;3,4;15,7;3,1;4,3;18,4
1-Azul;Maio;20;69,8;29,9;14,6;26,3;15,1;92,8;20,2;20;22,1;26,5;32,4;21;14,7;50,8;132,4;16;19,5;46,4;11,8;48,3;11,3;12,4;56,5
1-Azul;Maio;21;71,2;31,5;15,6;27,3;15,8;96,7;21,7;21,3;24,1;27,8;34,1;21,3;15,2;51,3;127,6;16,4;19,6;41,8;12,5;51,1;11,9;13,2;58
1-Azul;Maio;22;69;31,3;15,3;27;16,4;94,8;20;21,3;23,4;27,8;30,3;20,8;15,2;49,9;144,7;16,2;18,9;40,4;12,3;49,9;12;12,8;56,3
1-Azul;Maio;23;71,2;30,9;15,8;27,6;16,3;96,6;21,9;22,2;24,1;28,4;33,7;22;15,1;51,7;136,5;16,7;19,3;42,3;12,4;50,7;12;13,1;58,2
1-Azul;Maio;24;70,7;26,5;14,8;26,3;15,5;92,8;20,3;20,9;21,3;25,8;30,5;21,9;14,5;49,1;128,2;15,6;18,8;43,7;11,7;49,1;11,1;10,4;55,5
1-Azul;Maio;25;42,3;13,2;7,9;15,7;8,6;54;10,2;13,9;12,1;12,5;12,5;24,8;7,6;32,8;63,2;8,3;10,5;30,9;5,7;27,7;5,6;6,2;31,7
1-Azul;Maio;26;24,3;6,6;4,2;7,5;3,6;27,2;4,8;6,1;5,2;7,6;8,5;14,5;2,6;6;32,8;4,4;6,4;25,3;3,2;12,8;2,3;3;15
1-Azul;Maio;27;64,6;28,3;13,8;24,2;13,9;87,1;18,7;18,7;20,2;24,4;29,4;18,2;13,5;44,9;113,5;14,8;18,3;43,8;11,1;45;10,3;11,7;45,9
1-Azul;Maio;28;64,4;30,9;17,4;26,5;15,7;95,8;20,9;21,7;22,9;26,6;32,8;20,9;15,1;50,8;144,2;16,2;18,9;42;12,3;50,2;11,8;12,8;53,8
1-Azul;Maio;29;70,6;31,3;15,8;28;16,2;99,3;21,3;21,7;22,3;26,9;31,9;22,1;15,4;52,9;138,7;16,9;19,7;46,1;11,4;51,8;11,9;13,1;58,3
1-Azul;Maio;30;28,6;9,4;5,9;11,1;5,4;41,6;5,7;8,5;7,6;10,1;7,7;19,4;3,8;11,5;45,8;5,2;10,1;35,7;27,1;31,3;3,7;4,3;22,3
1-Azul;Maio;31;53;17,4;10,5;19,6;11,3;69,4;10,8;15,8;15,9;18,7;13,6;26,1;11,3;54,4;103;10,4;15,4;34,4;7,5;35,7;7,2;7,8;40,7
1-Azul;Junho;1;41,9;12,3;7,8;14,5;7,9;49,9;7,8;11,5;11;14,8;11;30,2;7,8;37;70,3;7,5;14;28,9;4,9;25,7;4,9;5,7;30
1-Azul;Junho;2;34,2;8;5;8,4;4,4;30,7;4,7;6,8;6,1;8,1;6,7;19;3,1;7,5;32,8;4;12,4;38,1;3,8;15,7;2,7;3,8;18,7
1-Azul;Junho;3;69,4;29,5;14,8;26,3;15;92,9;20;19,8;20,8;25,4;31,5;20,8;15,1;52,6;129,6;16,3;19;50,5;11,5;48,6;11,1;12,4;55,9
1-Azul;Junho;4;69;31,1;15,4;26,9;15,9;95,3;21,1;21,4;22,5;26,6;32;20,8;14,8;50,9;128,7;16,4;19,7;42,8;12,2;50,4;11,8;12,9;57,5
1-Azul;Junho;5;70,3;31,3;15,8;27,8;16;96,3;21,6;21,6;22,3;27;31,4;21;15,2;53,4;136,1;16,8;19,6;41,5;12,5;50,7;11,8;13,2;57,9
1-Azul;Junho;6;70;30,6;16,1;27,5;16,5;97,2;21,2;22,2;22,6;27,2;35;23,1;15,3;55,2;136,1;16,9;20;42;12,1;51,2;12,1;13;57,7
1-Azul;Junho;7;69,3;26,3;15,4;26,9;16,1;94,1;20,3;20,9;20,4;25,3;30,8;24;15,1;55,8;122;15,9;19;44,1;11,6;49,4;11,1;12,1;56
1-Azul;Junho;8;47,6;14,4;9;20,6;9,8;60,1;10,7;14,3;12,7;13,4;12,1;28,8;8,7;41;97,7;9,1;11,3;32,2;5,7;30;6,1;6,7;35,1
1-Azul;Junho;9;30,4;8,1;5,4;9,1;4,6;33,1;5,6;7;6,2;8,7;6,7;21,5;3,4;6,2;29,5;4,1;7,1;28,6;4,1;15,8;3;3,8;18,6
1-Azul;Junho;10;69,1;29,9;15,1;26,6;15,3;94;19,3;19,7;20;25,5;32,4;21,9;15,3;53,1;130,3;16;19,7;46,7;11,9;49;11,2;12,5;56,7
1-Azul;Junho;11;71;32;16,1;27,7;16,2;97,8;20,7;21,2;21,6;27,2;33,3;22,6;15,7;55,8;139;16,7;19,5;45,3;13;51,5;11,7;13,2;58,4
1-Azul;Junho;12;68,9;31,2;16;27,8;16;99;21,2;21,8;22;27,2;32,7;23,8;15,4;54,8;137,8;16,5;19,5;44,3;12,7;51,3;11,9;13,2;58,6
1-Azul;Junho;13;69,9;30,5;16,5;27,7;16,1;97,4;20,9;21,8;22,3;27,3;28,1;21,7;15,4;55,8;132,5;16,1;19;48,7;12,4;50,2;11,7;13,1;56,7
1-Azul;Junho;14;65,9;26,7;15;26,7;15,8;96,5;20;20,7;20,8;25;25,5;22,3;14,9;54,6;126,2;15,9;19,3;50,5;12,2;49,3;11,3;12;56,1
1-Azul;Junho;15;47,6;14,2;8,9;17,1;9,6;59,5;10,6;14,2;13;13,5;12,7;27,5;8,4;36,8;80,2;9,5;11,1;37;5,8;29,3;6,2;6,6;34,6
1-Azul;Junho;16;32,8;8,6;5,7;9,1;4,8;30,9;6,2;7,5;7,4;8,7;7,6;21,5;3,3;9,8;30,6;4,1;6,7;28;3,8;16,5;3,3;4,2;19,7
1-Azul;Junho;17;68,9;28,9;14,7;26,3;14,9;91,1;18,8;19,5;20,8;25,9;25,5;19,3;14,7;51,4;124,4;15,5;18,6;47;11,7;47,7;10,9;12,1;55,5
1-Azul;Junho;18;68,8;31,1;15,7;27,5;15,9;95,1;19,8;21,5;22,7;27,8;26,5;19,7;15;52,1;125;16,2;19,2;42,4;12,4;50;11,9;12,8;56,9
1-Azul;Junho;19;67,7;30,7;15,5;27,3;15,8;94,6;19,8;21,4;22,2;27,7;26,4;20,2;15;52,1;131,2;16,2;19;41,8;12,3;49,9;11,8;12,8;57,2
1-Azul;Junho;20;68,3;30,3;15,7;27,5;16,1;96;18,9;21,5;21,4;27,3;25,6;20;15;52,8;127,5;15,8;19;41,7;12;49,5;11,6;12,7;56,6
1-Azul;Junho;21;68,8;26,3;14,9;26,5;15,7;93,3;18,3;20,7;18,4;25,3;24,1;21,2;15;53;126;15,3;18,9;44,6;8,9;48,8;11;12;55,5
1-Azul;Junho;22;44,7;14;8,4;16,5;9,1;56,9;10,4;13,7;12,4;12,9;12,3;24,6;8;35,3;68,1;7,5;10,1;31,1;5,7;29,2;5,7;6,5;33,4
1-Azul;Junho;23;31;7,9;5,5;8,7;4,4;32,1;5;7,3;5,9;8,1;6,6;18,9;3,6;7,4;33,4;3,8;6,3;26,9;3,5;15,2;2,8;3,7;17,9
1-Azul;Junho;24;66,7;27,8;14,5;25,3;14,6;89,9;17,4;19,8;18,9;24,5;24,2;20;13,9;52,4;123;14,7;18,4;45,8;11,5;46,6;10,7;12;54
1-Azul;Junho;25;65,7;30;15,1;26,1;15,3;93,1;17,8;20,3;19,8;25,9;23,3;19,3;14,4;49,9;126,9;14,6;18,5;42,3;12,5;47,8;11,4;12,5;55,2
1-Azul;Junho;26;67,3;30,1;15,3;27;15,7;94,7;18,3;21,1;20,1;26,4;23,5;19,8;15;51,5;135,7;15,1;19,2;42,3;12,4;49,1;11,6;12,6;56,1
1-Azul;Junho;27;67,5;29,4;15,5;26,4;15,6;94,6;18,1;21,1;19,8;26,2;22,2;19,6;14,6;51,1;128,4;14,4;18,6;43;12,1;48,3;11,4;12,6;56
1-Azul;Junho;28;70,7;25,6;16,8;26,4;14,5;92,5;17,7;19,5;18,7;24,6;21,6;20,8;14,5;52,8;126,4;14,4;18,5;46;11,1;48,6;10,7;11,9;54,9
1-Azul;Junho;29;46,4;13,7;8,6;16,3;8,7;55,6;10;13,2;12,2;12,6;12;24,3;7,8;33,8;73,1;8,3;10,7;33,3;5,5;28,1;5,4;6,1;32,6
1-Azul;Junho;30;28,4;7,1;4,8;7,5;4,1;28,8;4,4;6,6;5,6;7,6;6,3;15,3;2,7;6;27,4;5;5,7;25,7;3,4;14,4;2,6;3,3;16,6
1-Azul;Julho;1;60,7;26,8;13,7;24,3;16,6;85,6;14,6;16,4;17,5;23;19,2;18,3;13,9;50,2;122,5;12,3;16,2;43,3;10,2;43,9;9,7;11,2;51,7
1-Azul;Julho;2;64,9;28,9;14,8;25,5;14,7;88,9;15,6;18,3;19,1;24,4;20,2;19,7;14,4;52,1;122,7;13;17,7;40,9;10,6;46,7;10,7;11,9;54,1
1-Azul;Julho;3;62;25,7;14;24,1;14,3;85,3;15,2;17,9;18,1;24,2;19,7;19,8;13,9;49,9;111,3;12,6;17;38,1;9,6;43,7;10,3;11,6;51,2
1-Azul;Julho;4;66,1;27,5;15;25,8;14,9;89,2;15,8;19,2;19,4;24,8;20,8;20,7;14,6;53,4;112,2;13;18,1;41,6;10,6;47,3;10,7;12,2;54,8
1-Azul;Julho;5;68,5;24,2;14,3;25,3;14,7;90,2;15,5;18,2;18,1;23,2;19,7;21,6;14,6;54,9;124;12,9;17,7;45,6;10,1;47,1;10,1;11,5;53,9
1-Azul;Julho;6;45,9;13,3;7,9;16,3;8,9;56,4;8,4;12,1;11,5;12,6;12,2;33,9;8,7;39,4;99,8;8;11,4;36,3;5,5;28,7;5,4;6,2;33,4
1-Azul;Julho;7;30,5;7,9;4,9;8,7;4,5;33,3;4,6;6,7;6,2;8,3;8,4;31,9;3,9;7,4;31;4,1;7,4;27;3,6;15,4;2,8;3,6;18,5
1-Azul;Julho;8;54,4;18,8;10,4;22,6;10,8;67,6;10,9;14,7;16;16,2;13,2;21,1;11,2;50,6;88,4;9,6;14,1;38,9;7,7;35,4;6,7;7,7;41,3
1-Azul;Julho;9;27,8;7;4,3;8;4,3;31,1;4,4;6,3;6,3;8,5;6,5;10,6;3;10,8;31,4;3,7;6,7;27,1;3,3;14,5;2,5;3,1;17,5
1-Azul;Julho;10;64,7;27,5;14,1;24,2;14;87,2;15,2;17,7;18,3;23,7;19,6;20,4;14,4;51,5;127,9;12,1;17,4;46,8;10,5;41,3;9,8;11,5;53
1-Azul;Julho;11;65,4;28,4;14,6;25,2;14,6;90,1;15,7;18,7;18,7;24,5;20,6;23,5;14,8;56,6;116,8;12,8;17,8;44,5;10,7;46,7;10,4;11,8;54,6
1-Azul;Julho;12;65,5;21,5;16,9;24,1;14,2;87,9;15,2;17,4;17,4;22,8;19,5;22,7;14,5;54,1;103,3;12,4;17,9;45,8;10,2;45,4;9,8;10,9;52,3
1-Azul;Julho;13;44,3;12,8;13,6;15,1;8,3;53,7;8,7;11,8;11,5;12,5;11,5;27,4;8;34,5;109,3;7,6;15,1;35;5,7;26,5;5,4;6;31,2
1-Azul;Julho;14;29,5;7,5;9,5;8,5;4,4;26,8;4,7;6,7;5,9;7,9;7,3;22,7;3,1;9,5;42;3,7;6,5;28,8;3,6;15,4;2,8;3,7;17,2
1-Azul;Julho;15;63,6;26,3;13,6;23,1;13,2;85,1;14,4;16,7;17,3;23;19,7;21,8;14,5;54,3;142,5;12,3;17,8;45,2;9,8;44,1;9,6;11,1;51,3
1-Azul;Julho;16;65,6;28,7;14,5;24,6;14,2;89,7;15,2;18,4;18,8;24,7;21,2;23,7;14,7;55;113,1;12,8;18,9;42,2;10,3;46,5;10,5;11,8;54,1
1-Azul;Julho;17;65;26,3;14,3;24,9;14,5;86,4;15,6;18,5;19,2;25;21,2;24,3;14,7;54,2;141,9;13,1;18,8;41,4;10,3;46,9;10,6;12;54,6
1-Azul;Julho;18;65,9;28;14,7;25,1;14,4;85,5;15,3;18,9;18,9;24,7;21,1;24,2;14,9;54;121,6;13,2;18,7;52,4;10,5;46,4;10,3;11,7;53,5
1-Azul;Julho;19;66,3;23,8;13,9;24,5;14,3;88,1;14,8;17,8;17,4;23,3;19,9;25,3;14,6;53,8;118,8;13,3;18,4;47,6;9,8;46,1;9,8;11;52,7
1-Azul;Julho;20;45,4;13,3;8,1;16,1;8,7;56,8;9;12,5;11,3;12,6;13,2;30,9;8,5;37;71,5;8,4;11;41,6;6,1;27,7;5,6;6,2;32,7
1-Azul;Julho;21;31,5;7,7;4,8;8,8;4,3;32,3;4,8;6,8;6;8;6,9;24,3;3,3;7,1;27,5;4,1;7,2;35,2;3,5;15,4;2,7;3,7;18,2
1-Azul;Julho;22;64,8;26,8;13,4;23,2;13,5;85,1;15;16,8;17,7;23,2;19,6;22,1;14,3;52,9;104;12,4;18,8;46,2;9,9;44,1;9,6;11,2;51,7
1-Azul;Julho;23;66,2;28,5;14,6;24,6;14,3;89,5;16,1;18,6;19,3;24,5;21,3;23,2;14,7;53,5;113,8;12,8;18,8;42,8;10,8;46,6;10,4;12;54
1-Azul;Julho;24;65,9;28,4;14,5;24,9;14,3;90,6;16,4;18,8;19,3;25,2;21,2;23,5;14,9;53,1;124,6;13,5;19,1;43,8;11,8;47,1;10,7;12,1;54,5
1-Azul;Julho;25;66,7;28,3;15,7;25,1;14,6;93,3;16,4;19,1;19,3;24,7;21,4;23,2;15,7;52,6;122,8;13,7;18,7;42,9;11,8;47;10,8;12,3;54,5
1-Azul;Julho;26;67,1;24;14,9;24,6;14,2;90,3;16,2;18,1;18;24,1;20,5;23,5;14,6;51,9;119,9;13,2;18,9;43,7;11,4;46,4;10;11,2;53
1-Azul;Julho;27;48,5;14;12,3;15,9;8,7;59,3;9,8;12,5;12,1;12,8;12,7;29;8,1;33,4;75,1;8,7;10,9;33,8;5,5;27,8;5,7;6,3;32,3
1-Azul;Julho;28;34,5;9;10,3;8,7;4,6;35;5,1;6,8;6,6;9;7,5;21;3,5;7,7;32,9;5,2;6,7;28,9;3,7;16,7;3;3,9;18,8
1-Azul;Julho;29;59,8;27,2;16,8;24;13,9;87,1;15,6;17,9;18,4;23,4;20,2;19,9;14,3;50;107,4;13,4;19,2;45,5;11;44,8;10;11,2;52,5
1-Azul;Julho;30;63;27,6;16,4;23,6;13,8;87,2;16;18,7;19,1;23,9;20,8;19,1;13,6;48,1;111,4;13,3;18,6;39,6;11,2;45,2;9,9;11,4;52,6
1-Azul;Julho;31;66,5;28,8;17,4;25,9;15,2;93,6;17,7;20,3;20,3;26,2;22,3;21,9;14,8;49,7;116,7;14,3;19,1;41,9;11,9;48,3;10,9;12,3;55,5
1-Azul;Agosto;1;65,8;28,5;14,8;26,4;15,3;94,7;17,9;20,7;20,1;26,3;23,1;19,7;14,8;52,5;120,3;14,5;19,1;41,4;11,8;48,1;10,9;12,5;55,4
1-Azul;Agosto;2;66,8;25;14,5;25,7;15,2;92,5;17,6;19,8;19,5;24,5;23;20,8;14,6;52,3;119,9;14;18,9;42;11,2;47,4;10,5;11,6;54,5
1-Azul;Agosto;3;45,1;13,8;8,1;16,3;8,7;56,8;10;13,2;12,4;13;12,9;26,5;8,1;35,5;75,2;8,3;11,1;35;7,1;28,8;5,5;6,4;32,7
1-Azul;Agosto;4;30,7;8,2;4,9;8,7;4,4;33,6;5,1;7;6,4;8,1;8,3;19,6;3,3;6,5;27,6;4;6,3;27,8;3,8;16,2;2,8;3,6;18,1
1-Azul;Agosto;5;68,3;29,5;14,5;25,9;14,8;92,7;19,5;19,6;20,7;26;27,1;21;14,7;51,9;113,1;16;19,6;46,3;11,7;48,5;11;12,1;55,9
1-Azul;Agosto;6;70,3;31,7;15,7;27,3;15,9;97,3;21,1;21,4;22,9;27,4;28,9;21,9;15,1;53;115,7;16,7;19,9;43,4;12,5;51,4;11,7;13;58
1-Azul;Agosto;7;71,3;31,9;15,5;27,7;16,1;99;22;21,8;22,8;27,5;32;22,8;15,4;54;117;16,9;19,9;43,3;12,8;51,6;11,9;13,1;58,6
1-Azul;Agosto;8;71,1;31;16,3;31,3;16,4;101,4;22,2;21,3;26,3;28,4;29,8;22,3;15,5;54,6;117,4;16,9;19,6;42,4;12,2;51,8;11,8;13,2;58,5
1-Azul;Agosto;9;68,6;25,6;14,3;25,8;15,1;94,5;19,5;19,9;20,2;24,8;26,9;21,2;14,3;50,3;105,8;15,7;18,9;44,8;11,3;48,5;10,8;11,7;55,4
1-Azul;Agosto;10;40,6;12,3;7,1;14,6;7,9;51,7;9,1;12;11,3;11,3;11,5;19,5;7,3;28;62,7;7,3;9,8;29,9;5,1;27,3;4,9;5,6;29,8
1-Azul;Agosto;11;27,6;6,1;4,3;7,9;3,9;28,4;5,3;6,1;5,4;7;6,8;14;2,7;6;26;3,5;6,8;27,3;3,2;14,3;2,6;3,3;17
1-Azul;Agosto;12;69,3;29,5;14,8;26,5;15;94,1;20,1;19,6;21,3;26,2;35;21,3;14,6;51,1;120,1;16,3;19,3;48;11,9;47,1;11,4;12,5;56,3
1-Azul;Agosto;13;68,4;30,9;15,4;26,8;15,5;95,7;21,1;20,8;22,9;27,6;34,2;21;14,5;48;135,5;16,8;19,4;43,1;12,3;50;11,7;12,9;57,3
1-Azul;Agosto;14;68,9;30,8;15,2;27;15,6;93,8;21,2;21,3;23;27,9;35,9;21,7;14,7;49,8;129,3;16,6;19,5;43,1;12,1;50;11,9;13;57,3
1-Azul;Agosto;15;70,2;30,9;15,8;27,8;16,2;98,4;21,9;22;23,3;28,4;34,3;23,2;15;53,2;130,8;17;16,9;45,6;12,7;52,2;12,1;13,2;58,8
1-Azul;Agosto;16;71;27;14,9;27,3;15,9;95,3;20,5;21,2;20,6;26,1;32,4;23,9;15;53,4;136,8;17,2;19,6;45,1;11,8;51,6;11,5;11,7;57,3
1-Azul;Agosto;17;46,5;13,8;8,4;17,2;9,3;59,5;10,6;11,2;12,1;13,3;13,7;28,2;8,5;36;76,9;18,8;11,4;36,9;6,3;29,6;5,9;6,5;33,7
1-Azul;Agosto;18;32,7;8,2;4,8;8,8;4,6;33,7;4,8;7,1;6,7;9,1;8,3;20,6;3,2;6,5;27,7;6,2;6,4;27,8;3,6;16,4;2,9;3,6;18,9
1-Azul;Agosto;19;70;30,2;15,5;26,1;15,2;92;20,1;19,9;21,7;26,8;35,9;21,1;14,7;50,1;125,5;17;19,7;46,4;11,6;48,9;11,4;12,4;56,8
1-Azul;Agosto;20;73,4;32,2;19,5;29;16,2;98,2;21,8;21,7;24,1;28,3;38,4;22,2;15;51,3;136,2;17,2;20,2;43;12,2;52,8;12,3;13,3;59,2
1-Azul;Agosto;21;71,5;31,9;19,2;28;16,2;97,3;21,9;21,8;23,7;28,5;38,1;22,6;15,4;51,6;130,4;17,1;19,3;41,9;12,4;52,2;12;11,3;59,1
1-Azul;Agosto;22;71;31,1;16,5;28;16,5;97;21,7;21,9;23,2;28,1;36,2;23,3;15;52,2;137,4;17,1;19,6;42,9;12,5;51,9;12,2;13,4;52,1
1-Azul;Agosto;23;70;26,7;14,9;26,6;15,7;94,7;20,4;20,9;20,8;25,9;33,2;23;15,2;51,2;129;16,5;19,5;43,4;11,8;49,7;11,3;12,4;51,2
1-Azul;Agosto;24;43,6;13;7,8;15,7;8,4;55,3;10,2;13,7;11,9;12,9;12,9;24,8;8,3;33;70,3;8,9;11,3;30,1;5,5;27,5;5,5;6,2;31,8
1-Azul;Agosto;25;25,3;6,6;4;7,3;3,8;26,9;4,5;6,3;5,2;7,6;6,9;14,2;2,7;5,3;23,4;4;5,1;23,8;3;13,8;2,4;3,1;16,2
1-Azul;Agosto;26;67,5;29,4;14,5;25,6;14,8;90,9;19,7;19,5;21,2;25,9;35,3;20,4;14,3;48,7;124,4;16;19;44,4;11,7;47,9;11,2;12,4;55,5
1-Azul;Agosto;27;69,8;31,2;15,4;27,2;15,7;94,4;21,2;21,1;22,9;28;36,4;20,9;13,6;49,2;126,7;17;19,3;42,4;12,5;50,5;11,8;13,1;57,6
1-Azul;Agosto;28;65,4;28,5;17,5;27,6;16,1;95,1;16,8;21,3;23;28,5;36,5;21,1;14,6;49,6;129,8;16,1;18,4;42,4;12,7;50,7;12;13,4;58,1
1-Azul;Agosto;29;71,7;30;15,8;27,6;16,1;95,6;20,6;21,8;23;28,4;31,8;21,5;14,8;50,5;132,5;17;18,1;42,5;12,5;51;11,9;13,4;57,9
1-Azul;Agosto;30;72;27,4;15,2;27,3;16;95;20,6;21;21;22,1;32,9;23,7;14,9;51,8;125,8;16,4;18,8;44;11,4;50,3;11,3;12,4;57,5
1-Azul;Agosto;31;46,7;14,2;8,3;16,8;9,1;57,9;10;14;12,2;13,3;13,6;26,9;8,4;36,1;76,9;9,1;11,2;31,5;5,8;28,9;5,9;6,7;33,8
1-Azul;Setembro;1;30,9;8;4,9;8,7;4,5;31,4;4,7;7,3;5,8;8,1;6,6;19,7;3,3;6,9;34,9;4,3;6,2;26,1;3,6;15,5;2,9;3,7;18,3
1-Azul;Setembro;2;69;30,2;14,7;26,3;15,1;91,1;19,1;19,8;20,9;26,4;35,8;21,1;14,3;50,8;154,4;16,4;19,2;45,7;10,8;48,3;11,3;12,5;56,3
1-Azul;Setembro;3;65,5;31,9;15,9;27,9;16,2;95,5;20,9;21,8;23;28,1;37,7;21,9;15;51,1;128,1;16,7;19,2;42,8;12,6;52;12;13,2;58,8
1-Azul;Setembro;4;69,3;32,1;15,5;27,9;16,5;95,1;20,8;21,9;22,9;28,3;36,6;22,6;15,1;51,8;130,5;17,1;19,1;42,4;12,5;51,4;12,1;13,5;59,1
1-Azul;Setembro;5;69,5;31,7;15,9;28,3;16,5;95,9;20,5;21,9;22,7;28,4;35;22,1;15,1;52,8;128;16,8;19,1;42,9;12,6;51,6;12;13,3;59
1-Azul;Setembro;6;72,1;27,4;15,5;27,8;16,3;98,8;19,6;21,3;21,2;26;32,7;25,2;15,4;55,5;143,6;16,3;19;55,5;11,9;51,9;11,4;12,6;58,8
1-Azul;Setembro;7;43,7;12,2;7,3;14,3;7,7;53;7,4;10,5;11,7;11,7;11;29,5;6,2;27,8;71;7,5;10,2;63,2;8,5;26,6;5,4;6,2;30
1-Azul;Setembro;8;40,8;8,7;5,3;12,3;5,1;41,5;5,5;7,2;6,5;9,8;8,5;22,9;3,4;8,2;44,9;5,4;7,6;58;6,5;18,7;3,1;3,9;20,2
1-Azul;Setembro;9;73,9;30,4;15,1;26,8;15,5;94,5;16,1;20;21,7;26,6;35,2;22,2;15,1;54,2;135,8;16,5;19,2;64,2;13,4;50,1;11,5;12,7;57,4
1-Azul;Setembro;10;72,8;33,1;16,4;28,6;16,6;98,4;21,9;22;23,7;28;37,8;22,1;15,1;51,8;138,1;17,1;19,2;59;14,2;52,5;12,1;13,5;59,9
1-Azul;Setembro;11;70,7;32,3;16,2;27,7;16,2;97,9;22;22;23,4;28,3;38,3;21,9;15,3;52,5;134,8;17,2;19;51,6;12,8;51,7;12,2;13,5;58,9
1-Azul;Setembro;12;72;31,5;16,4;27,9;16,2;98,1;21,5;22;23;28,2;35,6;22,3;15,3;52,8;135,4;17;18,9;52,6;12,7;51,6;12;13,4;59,2
1-Azul;Setembro;13;72,5;27,5;16,2;27,8;15,8;97,2;20,3;21;21;25,9;33,1;23,1;14,7;53,5;136,1;16,5;19;61,5;12,6;51,4;11,5;12,5;57,8
1-Azul;Setembro;14;49;14,2;9,1;17,3;9,1;60,8;10,4;13,8;12,6;13,5;14;27,2;8,4;39,2;82,3;9,3;11,1;54,3;7,6;31,8;5,8;6,7;34,6
1-Azul;Setembro;15;33,1;7,8;4,7;8,8;4,4;33,5;5;6,6;5,8;8,1;7,9;19,7;2,9;8,1;37,5;4;6,5;50;11,1;18,4;2,7;3,6;18
1-Azul;Setembro;16;65,9;28,3;14,2;24,3;13,9;87,3;19,1;18,8;20,4;25,5;32,8;19,3;13,6;46,4;120,3;15,2;18,6;47,9;11,2;46,6;10,6;11,8;54,7
1-Azul;Setembro;17;70,1;31,6;15,7;27,1;15,7;95,2;21,1;21,3;23;28;36,7;21,4;14,9;51;130,6;16,6;20,1;44,7;12,6;51;12;13,1;58,3
1-Azul;Setembro;18;69,9;31,9;15,7;27,4;16,1;95,8;21,6;21,6;21,2;28,5;37,2;22,1;14,9;51,6;132,5;16,8;20,5;43,3;12,5;51,4;11,8;13,3;58,8
1-Azul;Setembro;19;70,7;31,3;15,9;27,5;16,2;96,6;21,5;21,7;23,2;28,7;31;22,4;14,8;51,6;132,8;17,2;20,2;43,4;12,5;51,2;12,1;13,3;58,7
1-Azul;Setembro;20;70,6;27;15,4;27,4;16,1;95,3;20,3;20,8;21,3;26,8;32,8;23,7;15;53,4;132,4;16,2;20,1;45,3;11,9;50,6;11,4;12,5;57,5
1-Azul;Setembro;21;45,1;13,7;8,2;16,7;8,9;56,2;10,6;13,8;12,5;13,7;13,5;26,4;8,3;38;74,1;9,2;10,9;31,7;5,9;29,5;5,9;6,7;33,1
1-Azul;Setembro;22;32,7;8,1;4,8;9,1;4,8;32,2;4,9;7,3;6,5;9,3;7,8;20;3,6;7,2;31,2;4;6,5;29,4;4;17,4;3;4;19
1-Azul;Setembro;23;70;30,1;14,9;26,4;15,4;92,2;19,9;19,7;20,9;26,9;35,5;21;14,8;52;129,2;16;19,8;49,5;11,7;49,1;11,3;12,5;57,1
1-Azul;Setembro;24;65,8;32,2;15,8;27,8;16,5;97,3;21,5;21,9;23,7;28,7;37,5;21,5;15;52;133,9;16,9;19,8;44,2;12,6;51,7;12,3;13,2;59,4
1-Azul;Setembro;25;70,7;32,2;15,7;27,7;16,5;104;21,5;22;23,8;28,7;38;21,6;15,1;52,2;134,1;16,6;19,8;43;12,6;51,8;12,2;13,5;59,5
1-Azul;Setembro;26;69,8;31;15,6;27,4;16,1;95,8;21,5;21,8;22,9;27,9;35,8;21,6;14,8;51,1;132,5;16,6;20,4;42;12,3;51;12;13,4;59,1
1-Azul;Setembro;27;68,7;27;14,6;26,4;15,6;92,7;19,9;20,8;20,5;25,4;32,7;21,9;14,5;50,4;122,2;16;19,5;43,8;11,2;49,3;11;12,4;56,4
1-Azul;Setembro;28;44,9;14,2;10,5;16,9;9,2;57,2;10,3;13,7;12,3;13,4;13,8;25,8;8,6;36,3;81,5;9;10,9;31;5,9;29,1;6;6,6;33,7
1-Azul;Setembro;29;31,5;8,7;6;9,3;4,7;33,5;5,2;7,2;6,8;9,5;7,7;18,1;3,3;6;28,1;4,2;6,5;29,1;9,6;19,4;2,9;3,9;18,8
1-Azul;Setembro;30;69,5;29,1;15;26,2;15,3;92,7;20,1;20;21,2;26,4;35;21,3;14,8;51,9;119,6;16,2;19,9;47;11,2;48,8;11,5;12,6;56,5
1-Azul;Outubro;1;69,3;31,7;15,8;28,2;16,4;96,7;21,4;21,8;23,2;28,2;36,8;21,6;15,2;53,2;141,5;16,7;20,2;42,6;12,6;51,7;12,2;13,4;59,2
1-Azul;Outubro;2;67,9;32,1;15,7;28,1;16,5;103,5;21,6;21,5;23,3;28,3;37,9;21,5;16,4;52,5;132;16,8;20,1;39,2;12,4;51,7;12,3;13,4;59,4
1-Azul;Outubro;3;68;30,7;15,6;27,6;16,1;102,9;21,3;21,4;22,7;28;34,7;21,9;14,9;52,4;131,7;16,2;20,1;42,1;12,2;50,7;11,9;13,3;58,3
1-Azul;Outubro;4;69,2;26,3;15,2;26,5;15,6;93;19,9;20,6;20,8;26,4;30,3;23,3;15,1;55,8;128,2;13,7;17,5;44;11;49,5;11,2;12,4;57
1-Azul;Outubro;5;46,1;13,6;8,8;16,7;9,3;51,1;10,1;14;12,5;13,5;13,8;28;8,9;44,6;80,9;8,7;10,9;32,4;5,7;29,8;6,1;6,8;34,4
1-Azul;Outubro;6;35;10,9;6,5;12,8;6,6;40,2;8,1;9,2;7;9,9;11,8;22,5;4,6;10,9;32,1;7,5;8,4;27,1;4,6;21,4;4;3,9;23,1
1-Azul;Outubro;7;70,4;30,3;15,2;26,8;15,5;93;20,2;20,2;21,4;26,4;34,6;22,2;15,2;59,1;131,9;15,2;20,5;46,2;11,6;49,4;11,3;12,9;57,8
1-Azul;Outubro;8;72,5;32,5;16,5;32,5;16,6;98;21,7;22;23,6;28,3;36,8;22,7;15,7;58,8;138,6;16;20,4;44,2;12,4;53;12,3;13,8;60,7
1-Azul;Outubro;9;71,1;32;15,8;28,3;16,5;97;21,4;21,7;23,5;28,3;36,7;23,8;15,7;57,9;139,1;16;20,2;45,3;12,7;52,2;12,4;13,8;60
1-Azul;Outubro;10;70,9;30,8;15,7;28;16,2;96,4;20,6;21,8;22,9;28,4;34,9;23,1;15,1;57,9;138,3;15,7;19,6;47,3;12,7;51,6;11,9;13,5;59,1
1-Azul;Outubro;11;71,9;22;17;26,8;15,7;97;19,1;20,4;20,6;26,4;32,4;24,5;14,9;58,2;138,8;15,7;19,4;51,9;12,4;50,5;11,1;12,5;57,7
1-Azul;Outubro;12;39,7;11,4;8,9;13,6;7,6;47,3;7,5;9,5;8,9;10,7;10,7;27,6;5,5;28,4;61,6;6,2;8,9;38,6;5,8;23,6;5;5,4;28,4
1-Azul;Outubro;13;36,6;7,9;7;9;4,9;34;5,3;7,1;6,4;8,2;8,8;23,5;3,3;7,6;31,6;4,2;7,2;36,3;5,3;17,2;3,1;4,1;19,6
1-Azul;Outubro;14;68,8;28,8;16,6;25;14,4;90,7;18,9;16,8;19,6;24,7;32,1;23,4;14,7;57,4;139,1;15;19,2;47,6;10,4;48;11;12,2;55,8
1-Azul;Outubro;15;69,9;30,9;15,5;26,9;15,8;96,3;20,5;20,8;21,5;26;32,8;23,5;15;57,6;132,6;14,3;18;43,3;10,8;50,7;11,9;13;58
1-Azul;Outubro;16;69,8;32,1;15,8;27,7;16,3;96,8;21,4;21,7;23,4;28,8;35,8;22,4;15,1;53,6;135,5;16,6;20,1;42,5;10,9;51,5;12,1;13,4;59,6
1-Azul;Outubro;17;70,7;31,2;16;28,1;16,4;97,6;21,4;22;22,8;28,6;34,6;22,4;15;54,3;133,1;16,4;20;42,1;11,9;51,1;12,2;13,5;59,4
1-Azul;Outubro;18;68;25,3;14,7;25,3;15;90,6;19,4;19,9;20,1;25,6;29,9;22,2;15,2;52,4;128,2;15,3;18,8;43,5;11,3;48,4;10,7;11,9;55,6
1-Azul;Outubro;19;40,7;12,1;7,4;14,4;7,8;50,7;9,6;12,1;11,4;12,4;12,5;19,5;7,5;32,9;68;8,8;10,6;32,2;5,6;26,5;5,1;5,6;30,4
1-Azul;Outubro;20;28,2;7;4,5;7,9;4;29,6;4,7;6,4;6,3;8,4;7,4;14,9;2,9;5,7;26;4,4;7;27,4;3,5;14,3;2,5;3,4;16,4
1-Azul;Outubro;21;69,3;29,5;14,9;26,4;15,3;90,8;20;19,9;21;26,9;34,2;21,9;14,8;53,9;135;16,3;20,1;46,6;11,8;49,1;11,4;12,6;56,9
1-Azul;Outubro;22;71,7;31,6;16;27,7;16,3;96,4;21,8;22;23,5;28,9;37;22,2;15,3;54,4;134,4;16,9;20,3;43,6;12,8;52;12,4;13,7;60,1
1-Azul;Outubro;23;70,7;31,3;15,6;27,1;16,1;95,8;21,1;21,5;22,8;28,4;38,6;22,3;15,1;53,2;150,4;16,4;19,5;42;11,9;49,9;11,5;13,1;58,1
1-Azul;Outubro;24;70,6;30,9;15,9;27,3;16,3;96,3;21,1;21,3;22,8;28,5;39,1;23,1;14,8;53;139,9;16;19,4;41,7;12,4;50,9;11,9;13,3;59
1-Azul;Outubro;25;68,3;25,8;14,8;25,9;15,4;90,9;19,1;20,2;20,2;25,8;30,5;23,4;14,6;50,9;130,2;14,3;17,7;42,5;10,9;48,9;10,9;12,3;56,2
1-Azul;Outubro;26;44,9;13,5;8,5;16;9,3;56,3;10,4;13,8;11,9;13,6;13,2;24,7;8,2;38,3;70,2;8,8;11;30,5;5,5;28,7;5,7;6,6;33,9
1-Azul;Outubro;27;33,1;10,7;6,7;12,4;6,4;40,1;8,2;8,9;6,7;9,5;12,1;22,1;4,5;9,8;41,4;7,4;7,9;28,2;4,8;20,8;3,8;4,8;25,3
1-Azul;Outubro;28;67,5;28,7;27,3;25,4;14,6;87,7;19,5;19;20,7;23,9;32,1;20,5;12,4;51;123,8;12,5;16,5;42,7;9,7;46,1;10,5;11,8;54,3
1-Azul;Outubro;29;70,7;31,5;16,1;27,7;16,2;96,2;21,3;21,9;23,5;28,5;36,4;21,4;15,3;53,7;136,3;16,8;20,3;43,1;12,2;51,7;12,3;13,5;60
1-Azul;Outubro;30;69,7;30,5;15,7;27,7;16,3;95,8;21,5;21,8;23,6;28,9;36,9;20,5;15,2;54,9;135,6;16,5;20,3;41,2;11,6;52,2;12;13,5;58,6
1-Azul;Outubro;31;70,1;30,2;16;27,6;16,4;97;21,4;20;23,2;28,4;34,6;22,3;15,3;56,9;133,3;16,2;20,1;42,3;11,2;52,1;12,2;13,5;59,7
1-Azul;Novembro;1;71,9;26,9;15,4;27,6;16,3;96,7;20,7;20,9;21,1;26,5;32,5;23;15;56,1;136,4;16,5;19,9;44,6;11,6;51;11,5;12,7;58,8
1-Azul;Novembro;2;37,3;10,7;6,9;12,6;6,5;47,3;7,2;9,4;8,6;11;9,5;20,8;5;25,2;50,8;6,1;9,1;27,1;4,2;22,3;4,7;5,2;26,8
1-Azul;Novembro;3;30,9;7,6;4,9;8,5;4,3;31,2;5,4;6,7;5,8;8,2;8,8;16,8;3,2;8,4;31,8;4,8;6,8;28,1;3,7;14,8;2,8;3,8;18,4
1-Azul;Novembro;4;71,7;29,4;15,1;25,9;14,8;92,2;19,4;19,4;21;26,4;32,5;20;14,6;51,9;133,9;15,9;19,7;47,1;11,8;49,1;11,1;12,8;57,3
1-Azul;Novembro;5;72,2;33;17,1;28,1;16,5;97,4;21,5;21,9;23,3;29,1;35,6;21,6;15,3;54,8;142;17,1;20,3;43,1;12,6;52,5;12,3;13,7;60,1
1-Azul;Novembro;6;71,5;32,6;17,1;28,3;16,6;98,4;21,4;21,8;23,4;28,6;34,1;21,1;15,5;55;141,9;16,9;20,1;43,4;13,1;52,4;12,2;13,8;59,9
1-Azul;Novembro;7;71,7;31,3;17;28;16,5;96,8;21,1;21,8;22,7;28,6;33,8;21,4;15,1;54,9;141,7;17;19,8;42,4;12,7;51,8;12,3;13,5;59,7
1-Azul;Novembro;8;71,1;26,3;15,5;29,2;15,4;94,5;19,3;20,3;21,2;26,7;30;20,1;14,4;51,7;135,2;15,7;18,8;45,4;11,7;49,5;10,9;12;57
1-Azul;Novembro;9;47,4;14,2;8,6;17,4;9,6;59,5;10,2;14,1;12,5;13,6;13,5;26,3;8,3;45,1;84,7;9,6;18,8;33,7;5,8;30,5;6;6,7;35,4
1-Azul;Novembro;10;32,9;8,9;5,6;12;5,7;38,5;6,5;8,1;7,6;9,7;10,6;26,6;4;9,8;36,6;5,5;16;28,8;4,6;17,2;3,3;4,3;21,3
1-Azul;Novembro;11;71,5;31,1;15,7;27,8;15,9;95,5;19,9;20,5;22,4;27,7;34;22,3;15,8;60,3;137,9;16,4;20,2;48,1;11,2;51,4;11,9;13,1;59,2
1-Azul;Novembro;12;72,2;33,3;16,2;29;17,1;99,2;21,4;22,1;24,4;29;36,4;22;15,7;57,9;140,6;17,4;20,6;45;12,1;53,4;12,4;13,7;61,4
1-Azul;Novembro;13;71,6;32,5;16;28,5;16,8;98,9;21,4;22,3;24,3;29,2;35,9;21,9;15,6;55;139,2;17,1;20,1;44,3;12,4;53,3;12,3;13,6;60,7
1-Azul;Novembro;14;74,3;31,6;16,1;29,1;17,2;102,5;21,1;22,2;23,5;28;32,9;24,2;15,8;59,3;140,9;17,4;20,8;48,8;12,3;54,2;12,3;13,5;61,2
1-Azul;Novembro;15;40;10,8;6,3;12,7;6,8;47,8;7,1;9,4;9,4;11;9,7;23,3;4,5;24,4;64,5;7,1;8,6;36,6;4,7;21,6;4,4;4,9;26,7
1-Azul;Novembro;16;42,6;12,1;7,2;14,4;7,9;51,8;8;11;10,4;11,9;11,5;30,2;8,1;43,4;72,4;7,6;9,9;30,1;5,2;25,3;5,1;5,5;30,1
1-Azul;Novembro;17;39,3;7,9;4,9;9,2;4,5;33,1;4,8;6,7;6,4;8,6;7,7;22,8;3,5;8,9;31,8;4,3;6,4;39,3;4,2;15,4;2,8;3,6;18,4
1-Azul;Novembro;18;72,4;30,6;15,2;26,9;15,4;93,8;18,9;20;21;26,5;33,7;22,5;15,5;58,8;138,1;16,2;20,2;53,3;11,5;49,9;11,4;12,7;58,2
1-Azul;Novembro;19;73,2;33,5;16,4;28,5;16,7;100;20,9;22;23;28,1;35,2;22,6;16;58,5;142,4;17,4;20,6;44,1;11,9;53,8;12,7;13,7;61,4
1-Azul;Novembro;20;38,4;10,5;6,4;13,1;6,8;45,7;6,9;9,6;8,6;10,8;9,3;18,2;4,8;24,7;51,7;5,7;8,4;26,7;4,3;21,6;4,3;4,8;26
1-Azul;Novembro;21;70,4;32,1;15,8;27,7;18,1;94,7;20,3;21,7;21,9;27,4;33,1;21,7;14,9;53;136,9;16,5;18,9;43,2;10,7;49,2;12,2;13,4;59,7
1-Azul;Novembro;22;71,6;27,9;15,3;27,1;16,3;95;19,4;20,9;20,3;25,9;32,1;22,7;15,2;55,8;137,4;16,1;19,6;45,4;11,9;51,1;11,5;12,7;58,4
1-Azul;Novembro;23;48,2;14,1;8,6;16,7;9,6;58;10,5;14;12,4;13,8;13,5;23,5;9,2;39,6;81;10,6;11,6;34,1;6,1;30;6,1;6,9;35
1-Azul;Novembro;24;33,7;8,7;5,3;9,4;5,1;37,1;5,5;8;6,4;9,2;10,2;19,9;3,4;8;32,6;4,7;8;30,6;4,3;18,4;3,2;3,9;20,3
1-Azul;Novembro;25;68,7;31,3;15,4;26,8;15,9;94,5;19,4;20,3;20,9;26,2;33;20,5;15,5;56,7;133,1;16,3;20,2;46,9;11,9;49,8;11,6;13,1;58,4
1-Azul;Novembro;26;70,2;32,2;16;27,9;16,8;96,5;20,3;21,8;22,3;27,2;33,5;20,1;15,9;55,7;146,6;16,9;20,4;43,2;12,3;52,4;12,4;13,5;60,1
1-Azul;Novembro;27;71,1;32,6;16,2;28,2;16,7;98,4;20,9;21,9;22,7;28,3;34,5;20,5;15,8;55;135,1;16,9;20,3;43,8;12,3;52,6;12,3;13,8;60,5
1-Azul;Novembro;28;69,7;32;17,9;27,9;16,6;98,1;20,4;22;21,9;27,9;33,8;21,5;15,5;54,9;144,3;17;19,6;43,9;12;52;12,2;13,5;60,1
1-Azul;Novembro;29;72,7;28,2;15,8;21,6;16,8;98,4;19,6;21,5;20,5;25,7;32,4;23,4;15,6;56,6;131,2;16,7;20;48,1;11,6;51,8;11,7;12,9;59,8
1-Azul;Novembro;30;50,6;15;8,8;17,4;9,5;61,5;11,4;13,6;12,3;14;13,9;25,4;9,4;44,8;87,5;9,8;12;34,6;5,9;31,6;6,3;7,2;36,7
1-Azul;Dezembro;1;35,1;8,4;5,2;9,4;5;36,5;6,1;7,8;7;10,1;8,5;22;3,8;10,1;34,7;4,5;6,9;29;3,8;17;3,2;4,3;20,1
1-Azul;Dezembro;2;72,4;30,8;15;26,7;15,5;94,1;18,4;19,5;20,2;26,1;34;21;15,4;56,7;138,7;16,1;19,6;47,5;12;50,3;11,3;12,9;58,5
1-Azul;Dezembro;3;70,1;32,1;15,6;26,8;15,8;94,9;18,8;20,7;20,7;26,7;35,6;20,1;14,8;52,4;135,8;15,5;19,2;42,8;12,2;50,9;11,5;13,3;58,8
1-Azul;Dezembro;4;75,1;33,1;16,2;28,4;16,7;104,4;21;22,2;21,3;27,4;36;23,6;16,1;58,4;143,4;16,2;20,3;44,1;12,5;52,1;12,3;13,8;60,9
1-Azul;Dezembro;5;79,6;32,5;16,7;28,4;17,1;101,4;20,4;22,6;22,1;28;30,2;22,6;16,1;59,3;143;16,7;20,1;45,7;12,5;53,1;12,3;13,7;61
1-Azul;Dezembro;6;83,7;29,6;16,4;28,5;17,5;102,5;20,1;21,7;21,2;26,4;27,9;24,6;16;60,9;148,3;16;19,6;51;16,7;53,8;11,8;13,3;60,8
1-Azul;Dezembro;7;64,1;16;9,6;18,6;10,4;68;11;14,7;13,8;14,3;14,5;29,6;10,1;47,5;111,5;10,6;12,5;46,5;7,2;34,2;6,6;8,1;39,5
1-Azul;Dezembro;8;45,9;9,1;5,6;12,7;5,1;37,6;6;7,7;7,9;9,7;10,6;23,1;3,8;11,7;49,1;6,1;7,8;36,2;4,8;18,7;3,5;4,7;21,4
1-Azul;Dezembro;9;72,3;31,1;15,4;26,6;15,7;95;18,2;19,3;21,4;26,5;26,9;18,8;15,9;59,9;129,9;14,8;19,9;49,2;11,4;50,1;11,3;12,9;59,1
1-Azul;Dezembro;10;70,8;32,3;16,1;27;16,4;97,8;19,4;20,9;21,8;26,9;28,9;20,7;16,3;57,3;137,8;14,9;19,5;43,6;11,7;52;11,8;13,4;60,2
1-Azul;Dezembro;11;71,5;32,7;16,3;28,3;16,9;100;19,1;21;21,6;28;29,1;21,9;16,2;60,8;138,4;15,4;21;43,7;11,5;52,3;12;13,7;60,9
1-Azul;Dezembro;12;72,5;32,3;16,7;28,3;16,8;100,8;18,9;21,5;22,5;28,4;27,6;23,1;16,5;61,3;140,4;14,9;20;45;11,5;52,5;12,2;14;60,9
1-Azul;Dezembro;13;74,2;29;16,2;27,5;16,6;100;18,5;20,7;21;25,7;24,7;23,8;16,2;57,3;136,5;14,5;19,3;48,6;10,8;52,1;11,6;13,5;60,2
1-Azul;Dezembro;14;52,1;14,9;9,2;17,8;10,2;63,4;10,6;14;12,9;13,3;14,7;22,7;9,6;40,9;86,2;8,8;13,4;37,9;6,7;32,3;6,3;7,8;37,5
1-Azul;Dezembro;15;38,4;9,6;5,7;10,7;5,5;40,4;6,5;8,1;7,5;9,3;10;18,4;4,2;10,9;40,5;6,3;9,6;33,5;5,2;18,8;3,6;5;22,8
1-Azul;Dezembro;16;69,1;29,2;15;25,7;15,3;94,2;16,2;18,5;19,5;25,3;23,9;17,6;15,7;59,5;130,3;12,6;19,1;47,3;10,3;48,8;10,9;12,5;56,9
1-Azul;Dezembro;17;69,4;31,1;15,9;26,9;16;96,8;16,8;19,8;20,4;25,5;24,2;18,2;15,9;59,6;126,9;12,7;19;44;10,9;50,6;11,7;12,9;58,9
1-Azul;Dezembro;18;69,2;29,8;15,4;26,2;15,8;95,7;16,8;19,7;19,9;24,7;23,5;18,8;14,7;58,7;129,1;12,5;18,2;45,1;10,6;49,5;11,3;12,9;58,3
1-Azul;Dezembro;19;68,1;28,8;15,5;25,9;15,6;94,1;16,3;19,2;19,4;24,4;22,9;17,9;14,7;59,1;115,4;12,3;18,2;44,5;10,5;49,1;11;12,4;57,3
1-Azul;Dezembro;20;68,6;25,2;14,2;25,3;14,6;96,6;15,5;17,4;17;22,4;20,2;19,3;13,9;60;129;11,5;17;48,5;9,8;47,7;9,9;11,4;55,4
1-Azul;Dezembro;21;49,6;13,6;8,6;16;9,2;61,7;8,5;11,5;10;11,3;10,7;18,2;8,7;43,6;82,1;7,5;11,7;42,3;5,3;30,3;5,6;6,5;35,6
1-Azul;Dezembro;22;34,2;8,4;5,1;9,5;4,8;36,8;4,8;6,7;5,5;7,6;6,7;15,3;3,9;13,4;37,7;4,2;6,9;31,4;3,8;17,3;3,1;4,4;20,9
1-Azul;Dezembro;23;57,3;18,3;10,6;18,6;10,8;70,9;10,3;12;11,4;16,5;13,2;15,9;11,2;55,6;103,4;8,3;13,5;43,7;6,8;35,2;6,7;7,9;41,9
1-Azul;Dezembro;24;32,5;9,3;5,5;10,4;5,5;38,8;5,5;7,3;7;9,1;7,9;7,3;6,2;21,7;46,3;4,3;7,7;26,3;3,6;19,9;3,2;4;21,7
1-Azul;Dezembro;25;25,1;5,1;2,7;4,6;2,1;22,3;2,5;2,9;2,5;4,3;3,7;2,7;2;2,4;15,5;2;4,3;21,9;1,8;10;1,8;2,3;12,2
1-Azul;Dezembro;26;51,5;14,6;9;15,4;8,5;59,5;8,8;10,6;9,3;14,9;11,8;12,2;8,3;35,5;78,9;6,5;11,4;42,4;5,7;29,1;5,6;6,6;34
1-Azul;Dezembro;27;50,6;16,1;9,8;17,6;9,7;65,5;9,9;11,9;10,3;16,3;13,2;15,3;9,5;43,4;91,1;7,3;12;40;6,4;32,1;6,2;7,2;39,1
1-Azul;Dezembro;28;37,4;10,3;9;12,7;6,8;48,1;6,4;9,6;7,5;9,7;8,8;19,9;6,6;30,5;64,1;5,5;8,4;33,6;3,9;22,8;4,1;4,9;27,1
1-Azul;Dezembro;29;26,5;6,5;4,3;7,3;3,5;30,7;3,8;5,4;4,4;6,8;5,4;15,6;3,7;7,2;27,4;3,3;5,2;26,9;2,8;13,7;2,3;2,9;16,6
1-Azul;Dezembro;30;43,9;13,4;8,5;14,7;8,4;58,1;7,9;9,8;8,4;13,6;11;16,8;8,5;40,8;77,2;6,2;10,5;35,1;5,1;28,1;4,8;5,8;32,7
1-Azul;Dezembro;31;28,3;8,6;5;9,1;4,9;33,6;4,9;6,8;7;7,8;6,9;8,4;4,3;11,8;33,3;3,8;6,9;21,4;2,9;17,9;2,9;3,6;20,1
