LINHA;MES;DIA;VPT;TTI;SAC;AIP;IMG;CKB;ANR;PSO;BGD;TRI;CNS;CLI;SUM;VMD
2-Verde;Janeiro;1;2,3;11,6;6,9;2,1;1,8;12,1;1,2;1,4;6,9;7,4;15,7;2,7;1,2;2,7
2-Verde;Janeiro;2;8,9;40,4;22,9;9;8,6;47,5;5,8;6,3;31,5;25,7;53,2;11,6;5;10
2-Verde;Janeiro;3;11,3;49,8;27,3;11,6;10,7;57,9;7,2;7,7;37,4;31,3;64,4;14,3;6,3;12,6
2-Verde;Janeiro;4;12;51;28,7;11,7;11;60,2;7,6;7,9;38,9;33;69,2;15,4;6,5;13,3
2-Verde;Janeiro;5;12,2;51,9;29,5;12,1;11,2;60,4;8;8,1;39,2;32;69,8;15;6,5;13,7
2-Verde;Janeiro;6;16,3;31,4;19;7,4;6,6;33,6;3,6;3,1;22,8;18,4;43,1;5,4;3,5;8,5
2-Verde;Janeiro;7;4,1;19,8;11,5;4,5;3,9;19,7;2,4;3;17,2;15,3;31;3,6;2,3;5,2
2-Verde;Janeiro;8;13,9;57,4;32,2;13,2;12;67,3;8,4;9,5;42,7;37;77,8;18;7,6;15,4
2-Verde;Janeiro;9;15,1;59,9;34;14,4;12,6;71,5;9,2;9,7;47,6;40,9;85,4;18,5;8,3;17,1
2-Verde;Janeiro;10;15,3;60,7;34,2;14,8;12,8;72,7;9,5;9,9;47,3;40,5;85,9;18,7;8,6;17,4
2-Verde;Janeiro;11;15,3;60,9;34,1;14,5;12,9;72,2;9,4;9,7;46,8;40,3;84,4;17,9;8,7;17,5
2-Verde;Janeiro;12;14,1;60,5;32,6;13,4;12,1;67,8;9,1;9,1;42,9;35,9;78;17,3;7,9;15,8
2-Verde;Janeiro;13;7,9;34,3;19,8;7,8;6,9;33,7;3,6;3,3;21,8;17,8;34,9;5,5;4;9,1
2-Verde;Janeiro;14;4,6;20,8;13,5;4,6;3,9;21,1;2,6;3;16,7;17;32,1;3,9;2,4;5,9
2-Verde;Janeiro;15;14,5;64,5;33,9;14,2;12,7;69,8;8,7;9,5;43;38;79,4;18,2;8,3;16,7
2-Verde;Janeiro;16;15,7;67,7;35,7;15,2;13,3;75,3;9,7;10,1;48,9;42,2;87,1;18,9;9;18,5
2-Verde;Janeiro;17;15,8;67,8;35,6;15,5;13,4;75,4;9,7;10,2;47,7;41,7;87,3;19;8,9;18,5
2-Verde;Janeiro;18;15,9;67,5;35,9;15,2;13,5;74,2;10,2;10,1;48,1;40,9;87,8;19;9,2;18,7
2-Verde;Janeiro;19;14,7;64,8;34,3;14,7;12,8;70,7;9,5;9,5;44,1;37,5;79,1;18,1;8,4;17,3
2-Verde;Janeiro;20;18,5;35,7;20,8;8,1;7,1;34,5;3,8;3,4;21,2;16,4;43,7;6;3,8;9,8
2-Verde;Janeiro;21;4,2;19,8;11,1;4,2;3,7;19,2;2,4;2,9;14,1;13,9;27,8;4,2;2,3;5,4
2-Verde;Janeiro;22;15,2;66,7;35,1;14,7;13,2;72,7;9,1;9,8;43,7;39,2;82,3;18,9;8,7;17,8
2-Verde;Janeiro;23;15,3;66,8;35,1;14,8;13;74,9;9,3;10,1;46,3;40,8;86,8;18,8;9,2;18,4
2-Verde;Janeiro;24;16,3;70,8;37,3;16,3;13,8;77,5;10,3;10,8;48,3;41,7;90,4;19,6;9,5;19,6
2-Verde;Janeiro;25;6,7;32,7;17,2;6,5;6;29,5;3,5;3,6;18,7;17,5;35,8;5,1;3,2;8,2
2-Verde;Janeiro;26;12,2;56,4;29,2;12,2;11,1;59,1;5,5;5,3;36,3;30,2;64,1;9,1;6,8;14,9
2-Verde;Janeiro;27;7,8;35,9;20,3;8,3;7,2;34,5;3,8;3,3;22,5;18,4;44,6;5,5;4;10
2-Verde;Janeiro;28;4;18,5;11;3,9;3,6;18,1;2,3;2,4;13,3;11,8;25,9;3,6;2,1;5,2
2-Verde;Janeiro;29;15,2;63,8;35,1;15,1;13,3;74,4;10;10;44,4;40,9;84;19,6;9,3;18,2
2-Verde;Janeiro;30;17;71,4;37,4;16,4;14,1;80,1;11;11;49,9;44,4;91,8;20,4;10;20,4
2-Verde;Janeiro;31;16,6;70,4;37,1;16,3;13,9;79,4;10,7;10,8;49,4;43,9;92,1;20,2;9,9;20,1
2-Verde;Fevereiro;2;15,6;67,8;36,2;15,7;13,5;75,5;10,4;10;45,5;39,7;85,9;19,1;9,3;18,9
2-Verde;Fevereiro;3;9;39,6;22,5;9,2;7,8;39,1;4,6;3,9;26,1;20,6;54;7,3;6,2;12
2-Verde;Fevereiro;4;5;22;13,5;4,9;4,3;21,4;2,9;3,2;16,4;13,5;35,8;4,6;3,5;7,2
2-Verde;Fevereiro;5;16,6;70,8;37,4;16,2;14;79;10,6;10,9;46,5;44,7;91,1;20,3;9,8;19,4
2-Verde;Fevereiro;6;17,5;74,4;39,5;17,3;14,7;84,4;11,4;11,8;51;47,3;102,7;20,7;10,5;21,3
2-Verde;Fevereiro;7;18,5;74,8;40;17,8;14,7;84;11,6;12,2;51,2;48;99,6;21;10,5;21,7
2-Verde;Fevereiro;8;18,1;74;39,3;17,5;14,8;82,9;11,8;11,9;50;46,8;98,2;20,8;10,1;21,1
2-Verde;Fevereiro;9;16,2;69,5;37,2;15,9;13,8;72;10,9;10,5;44,8;40;90,3;19;9,3;18,9
2-Verde;Fevereiro;10;8,5;39;22,3;8,5;7,2;37,6;4,6;3,9;29,3;19,6;57,3;6,4;4,3;11,2
2-Verde;Fevereiro;11;5,4;26,7;14,9;5,3;4,4;25,5;3,8;3,6;24,9;16,9;47,6;4,3;2,8;10,8
2-Verde;Fevereiro;12;7,9;39;20,3;8,1;7,7;40,4;4,3;3,5;23,8;17,4;47,6;6,1;4,6;11,1
2-Verde;Fevereiro;13;6,5;31,9;16,8;6,2;5,9;32,7;3,2;2,9;21,6;15,2;41,2;5;3,5;8,8
2-Verde;Fevereiro;14;11,6;56,2;29,1;11,6;10,8;59,1;5,3;5,3;34,6;29,2;62,2;11,7;6,8;13,8
2-Verde;Fevereiro;15;16,1;71;37,6;16,5;14,2;79;11;11,6;47;44,3;91,8;19,9;9,7;19,6
2-Verde;Fevereiro;16;12,9;66,9;32,8;15,5;13,4;77,2;10,6;10,8;44,6;40,3;87,9;18,8;9,3;18,9
2-Verde;Fevereiro;17;8,8;39,4;22,4;9,2;7,8;38,2;4,5;4;27,6;19,5;52,6;6,4;5;11
2-Verde;Fevereiro;18;4,4;21,7;12,5;4,3;4,2;21,3;2,8;2,7;18,7;13;31,4;4,1;2,3;5,7
2-Verde;Fevereiro;19;17,6;72,2;39;17,9;14,7;81;10,8;12,2;46,8;46,9;96,2;21;10,3;19,9
2-Verde;Fevereiro;20;19;76,7;40,5;18,3;15;85,3;11,4;13;50,4;49,8;102,5;21,2;10,5;21,7
2-Verde;Fevereiro;21;18,8;77,3;40,1;18,8;15,1;85;11,7;12,8;50,6;50;102,8;21,2;10,6;21,9
2-Verde;Fevereiro;22;18,9;76;40,2;19;15,1;85,1;11,8;12,8;50,5;49,6;102,7;20,2;10,7;22
2-Verde;Fevereiro;23;17,5;73,2;38,7;17,9;14,3;81,8;11,5;11,5;49,9;45,5;94,8;20;9,9;20,4
2-Verde;Fevereiro;24;8,3;37,5;21,3;8,6;7,4;37,6;4,2;3,7;23,7;19,9;46,2;6;4,5;10,6
2-Verde;Fevereiro;25;6,2;29;15;5,9;5,7;25,5;4,7;7,6;23,4;8,8;58,3;6,1;3,6;8,5
2-Verde;Fevereiro;26;18,4;74,5;39,6;18,3;14,8;81,6;10,9;12,2;47,8;48,1;98,1;21,6;10,1;20,5
2-Verde;Fevereiro;27;19,5;76,9;41,3;19,2;15,5;86,4;11,8;13,1;52,8;51,4;105,3;22,3;10,7;22,1
2-Verde;Fevereiro;28;19,2;73,5;41;19,1;15,2;86,1;11,9;13;53;51,6;104,5;22,1;10,8;22
2-Verde;Fevereiro;29;19,5;76,6;41,2;19;15,6;88,4;12,7;12,9;51,4;50;105,7;21,7;10,8;21,7
2-Verde;Março;1;17,9;72,8;38,5;18;14,6;81;11,7;11,6;47,4;46;96,2;20,2;9,9;20,4
2-Verde;Março;2;16,5;38,9;22;9,1;7,6;38,4;4,4;3,8;24,6;20,3;48,2;6,2;4,6;10,8
2-Verde;Março;3;4,8;24,1;13,6;4,9;4,1;21,1;2,8;2,7;17;15,5;33,4;4,1;2,8;6,4
2-Verde;Março;4;18,7;74;39,9;18,3;14,6;82,1;11,3;12,2;48,9;48,5;98;22;10,2;20,4
2-Verde;Março;5;19,1;76,7;41,2;18,9;16;86,5;12,1;13;52,7;52,4;105,8;22,7;10,8;22,3
2-Verde;Março;6;19,3;77,9;41,7;19,6;16,1;87,3;12,2;13,1;53,5;52;104,9;22,6;10,9;22,4
2-Verde;Março;7;19,5;77,8;41,4;19,5;16,3;87,5;12,3;13;52;50,6;105,9;22,2;11;22,5
2-Verde;Março;8;17,9;74;39,9;18,2;14,7;82;11,8;11,8;49,8;49,1;99,9;21,4;10;20,8
2-Verde;Março;9;8,6;38,4;22,6;9;7,5;38,8;4,4;3,8;23;19,8;47;6,3;4,5;10,7
2-Verde;Março;10;4,5;20,3;12,1;4,5;4;20,7;2,7;2,7;13,8;12,9;29,2;5,5;2,4;5,8
2-Verde;Março;11;18,6;75,2;38,9;18,1;14,8;81,9;11,2;12,2;47,7;48,1;98,4;21,9;10,1;20,3
2-Verde;Março;12;19,6;78,2;41,5;19,5;15,4;87,6;12,1;13,2;52,1;51,9;105,7;22,4;10,9;22,4
2-Verde;Março;13;19,6;78,4;41,6;19,4;15,3;87,4;12,3;13,1;52,2;51,8;105,5;22,1;11,3;22,4
2-Verde;Março;14;19,4;77,9;41,3;19,2;15,4;86,8;12,3;11,4;51,8;50,1;102,9;21,9;11;22,3
2-Verde;Março;15;18;73,3;39,9;18,2;14,6;82;11,7;11,7;48,6;46,2;96,8;21;10,3;20,8
2-Verde;Março;16;9,2;39,4;22,9;9,1;7,7;39,1;4,5;3,9;24,1;20,3;48,8;6,9;4,7;10,9
2-Verde;Março;17;4,8;21,8;12,6;4,8;4,1;21,8;2,7;2,8;15,3;14,1;30,6;4;2,7;6,3
2-Verde;Março;18;18,3;74,3;39,7;17,9;14,6;82,2;11,3;12,2;47,9;48,3;98,2;21,7;10,1;20,5
2-Verde;Março;19;19,3;78,2;41,5;19,2;15,7;87,3;12,2;13,3;52,4;51,8;105,1;22,5;10,7;22,9
2-Verde;Março;20;19,7;78,5;42,1;19,5;16;88,2;12,3;13,2;52,9;52,6;107,3;22,2;11,1;22,7
2-Verde;Março;21;19,3;78;41,7;19,5;16;88,3;12,3;13,1;52,6;51,8;106,3;21,9;10,9;22,9
2-Verde;Março;22;17,6;73,2;39,3;18,1;14,9;82,6;11,6;11,7;48;46,7;96,3;20,9;10,1;20,9
2-Verde;Março;23;8,2;36,6;21,5;8,3;7,1;39,2;4,2;3,9;22,2;19,4;46;6,3;4,5;10,8
2-Verde;Março;24;4,5;20,3;12;4,3;3,8;21,2;2,9;2,9;14,1;12,6;27,7;4;2,6;6,1
2-Verde;Março;25;18,4;75,4;39,9;18,3;14,9;83,4;11,3;12,4;48,6;48,2;97;21,4;10,2;21,1
2-Verde;Março;26;19,5;78,7;42,1;19,3;15,5;88,3;12,5;13,9;53,3;52,4;104,8;22,1;11,1;23
2-Verde;Março;27;19,4;78,6;41,8;19,3;15,6;87,2;12,2;13,2;52,7;50,5;104,1;21,8;11;22,6
2-Verde;Março;28;17,9;72,5;39,8;16,9;14,3;82;11,7;11,6;48,6;42,9;96,3;20,3;9,9;20,8
2-Verde;Março;29;4,8;22,5;13,4;5;4,6;22,9;2,7;3;13,9;12,1;27,3;4,6;2,7;6,3
2-Verde;Março;30;6,4;31,5;18,7;7;6,2;30,7;3,4;3;20,1;16,6;39,5;5,2;3,4;8,7
2-Verde;Março;31;3,9;20,2;11,5;4,1;3,7;19,1;2,4;2,3;12,5;11,3;24,9;3,7;2;5,2
2-Verde;Abril;1;18,1;74,9;39,6;18;14,7;81,6;11,1;12,2;47,5;47,6;96,6;21,4;9,9;20,5
2-Verde;Abril;2;19,3;77,7;41,5;19,2;15,4;87;12;13,3;52,3;51,5;105,2;23,2;11,1;22,7
2-Verde;Abril;3;19,1;78,4;41,7;19,2;15,4;87,2;12,2;13,5;52,7;51,7;106,8;22,2;11,2;22,6
2-Verde;Abril;4;19,5;78,7;41,9;19,5;15,7;87,5;12,4;13,5;52,7;51,7;106,9;22;10,9;22,6
2-Verde;Abril;5;18,3;75;40,6;18,4;15,1;82,4;12;12,1;50,1;46,6;99;21,3;10,2;21,3
2-Verde;Abril;6;8,9;40;23,4;9,6;8,1;39,1;4,7;4;23,7;20,7;49,7;6,7;4,8;11,4
2-Verde;Abril;7;4,8;22,3;13,4;5;4,3;21,8;2,9;2,9;16,3;14,9;32;4,2;2,9;6,6
2-Verde;Abril;8;18;73,5;39,6;18,2;14,7;82,1;11,2;12;48;47,9;98,5;21,7;10,4;20,9
2-Verde;Abril;9;19,4;78,6;41,9;19,4;15,6;87,7;12,1;13,2;52,5;51,8;106,3;22,4;10,9;22,7
2-Verde;Abril;10;20,4;78,3;42,3;19,4;15,7;87,7;12,2;13,1;52,6;51,8;106,9;22,3;11,1;22,9
2-Verde;Abril;11;19,9;77,9;41,7;19,1;16,1;86,5;12,3;12,8;52,2;49,6;104,7;22;10,8;22,6
2-Verde;Abril;12;18,3;74;39,5;17,6;15,2;81;11,7;11,5;48,2;45,7;95,9;20,9;10,1;20,8
2-Verde;Abril;13;8,8;40,4;23,1;9,3;8;41,8;4,7;4,1;26,4;21,1;51,2;6,9;4,8;11,5
2-Verde;Abril;14;4,6;22,3;12,9;4,9;4,3;21,6;2,9;2,8;17,7;15,2;32,2;4,5;2,6;6,3
2-Verde;Abril;15;18,7;74,6;39,6;18,1;14,7;82,4;11,1;12;47,6;47,2;96,8;21,6;10,2;20,5
2-Verde;Abril;16;19,9;78,5;41,8;19,1;15,8;86,5;12,2;13,1;52,3;52,1;106,7;22,4;10,9;22,2
2-Verde;Abril;17;20,2;77,5;41,3;19,3;15,5;86;12,2;12,9;51,5;51,2;103,2;21,8;10,7;22,3
2-Verde;Abril;18;19,5;76,5;41,1;18,9;15,5;85,9;12,1;12,6;50,8;49,6;102,7;22;10,7;22,1
2-Verde;Abril;19;18,6;74,5;40,1;18,3;14,8;80,4;11,6;11,6;48,1;46,1;96;21,1;10,1;21
2-Verde;Abril;20;8,9;39,3;23,3;9,3;7,8;38,3;4,6;3,8;23,7;20,3;48,2;6,6;4,6;11,4
2-Verde;Abril;21;4,7;22,1;12,5;4,6;4,2;21;2,8;2,8;15,7;15,1;30,8;4,7;2,6;6,4
2-Verde;Abril;22;19,2;75,6;39,9;18,2;14,7;81,3;11,3;12,1;47,7;47,7;96,5;21,6;10;20,6
2-Verde;Abril;23;20,2;77,3;41,4;19,3;15,6;86,2;12,2;12,9;52,5;50,9;105;22,1;10,7;22,5
2-Verde;Abril;24;20,4;77,9;41,6;19,6;15,9;86,2;12,1;13,2;52,4;51,4;103,9;22,6;10,9;22,6
2-Verde;Abril;25;20,1;78,4;41,6;19,3;16,2;86,5;12,4;12,9;51,7;49,9;103,5;22,1;10,8;22,5
2-Verde;Abril;26;18,4;75,2;40,1;18,2;15,4;81,2;11,7;11,7;48,1;46,1;95,2;21,1;10;20,7
2-Verde;Abril;27;8,8;38,9;22,7;9,4;7,9;38,9;4,6;4;23,6;19,7;47,7;6,8;5,1;11,2
2-Verde;Abril;28;4,7;21,9;12,6;4,7;4,1;21,7;2,8;2,7;15,7;15,2;30,5;4,1;2,8;6,4
2-Verde;Abril;29;18,9;75,6;39,9;18,2;14,9;82,6;11,2;12,1;49,2;47,9;99;21,9;10,2;20,5
2-Verde;Abril;30;19,5;75,7;42,1;19,4;15,5;86,8;12,3;13;53,2;50,6;105,2;22,5;10,7;22,4
2-Verde;Maio;1;5,7;24,6;15,1;6,1;5,3;27,7;3,4;3,4;18;16,3;35,2;5,3;3,2;8,1
2-Verde;Maio;2;19,3;77,3;40,6;18,7;15,4;85,2;12,1;12,5;51,3;49,5;101,5;21,4;10,8;22,1
2-Verde;Maio;3;17,7;74,5;39,6;17,6;14,9;80,9;11,7;12,1;45,1;43,5;93,7;20,3;9,5;19,9
2-Verde;Maio;4;8,8;37,3;22,8;9,2;7,9;38,5;4,6;3,8;23,6;19,3;47,4;7,5;4,5;11,2
2-Verde;Maio;5;4,5;20,1;12,6;4,7;4,1;21,4;2,8;2,6;16,6;14,7;30,2;3,9;2,6;6,1
2-Verde;Maio;6;18,9;75,7;40,1;18,3;14,7;82,5;11,2;12,1;47,9;47,7;96,5;22;10,1;20,7
2-Verde;Maio;7;19,9;75,3;42,2;19,6;16;87,3;12,2;13,2;52,9;52;104,3;22,4;10,7;22,7
2-Verde;Maio;8;20,2;75,8;42,2;19,6;16,3;88,2;12,5;13,2;53;51,4;103,8;22,5;10,7;23
2-Verde;Maio;9;19,6;79,6;42,1;19,6;16,7;86,8;12,5;13;52,7;51;103,8;22,1;10,9;22,5
2-Verde;Maio;10;18,2;74,9;40,4;18,4;16;81,5;11,9;11,9;49;46,5;95,4;20,9;10,1;21
2-Verde;Maio;11;8,6;40,3;23,1;9,2;8,7;38,2;4,4;3,8;24;20;46,9;6,5;4,5;10,9
2-Verde;Maio;12;4,4;19,6;12,4;4,4;3,9;20,1;2,4;2,4;12,8;10,9;24,3;3,9;2,3;5,7
2-Verde;Maio;13;18,6;70,2;40;18,2;14,7;81,7;11,1;12;48,1;47;96,4;21,8;11,4;20,5
2-Verde;Maio;14;19,7;74,9;41,2;18,9;15,3;86;12;13,2;51,9;50,5;102,9;22,1;10,7;22,5
2-Verde;Maio;15;19,7;77,5;41,6;19,3;15,4;86,8;12,1;13,1;52,4;51,4;103,5;21,9;10,7;22,4
2-Verde;Maio;16;19,6;78,5;41,4;19,3;15,6;86,7;12,2;13,4;49,6;48,8;103;21,8;10,7;22,5
2-Verde;Maio;17;18,2;74,7;39,9;18,2;14,9;80,4;11,7;11,9;48,6;48,4;97,7;20,7;10,1;20,9
2-Verde;Maio;18;9;41;23,4;9,7;7,9;39,6;4,6;4;24,1;20,1;48,5;6,3;4,7;11,6
2-Verde;Maio;19;4,7;21,1;13,6;4,8;4,2;21,2;3;2,8;15,3;14,2;31;4,1;2,6;6,4
2-Verde;Maio;20;18,7;75,2;40;18;14,7;82;11,2;12,5;47,8;47,4;96;21,6;10;20,5
2-Verde;Maio;21;19,8;78,8;42;19,2;17,3;87,4;12;13,5;52,1;51;104,4;22,3;10,7;22,7
2-Verde;Maio;22;19,6;77,6;40,9;19,3;17,9;85;12;13,2;51,2;49,2;100,3;21,7;10,6;22,3
2-Verde;Maio;23;19,9;78,4;42,1;19,5;18,7;87,4;12,5;13,5;52,4;50,2;104,8;22,2;11;22,9
2-Verde;Maio;24;18,1;74,2;39,7;18,2;16,9;80,9;11,8;12;48,9;47,3;95,5;20,7;10,1;20,8
2-Verde;Maio;25;8,6;38,8;22;9,1;7,6;37,5;4,6;3,8;22,7;20;46;6,3;4,3;10,9
2-Verde;Maio;26;3,9;18,4;10,6;4,2;3,5;18,3;2,5;2,4;12,9;11,4;24,9;3,7;2,2;5,4
2-Verde;Maio;27;16,9;71,5;37,9;16,8;14;79,1;10,5;11,3;46,1;44,4;91,4;21;9,9;19,6
2-Verde;Maio;28;19,5;79,6;41,5;19,1;15,6;87,7;12,2;12,9;52,3;50,4;110,2;22,4;11;23
2-Verde;Maio;29;19,3;79,5;42,3;19,3;15,6;86,6;12,2;12,5;52,7;46,1;104;21,8;10,7;22,7
2-Verde;Maio;30;6,1;27,7;15,7;6,1;5,7;27,7;3,5;3,6;17;15,5;33,9;5,1;3,4;7,9
2-Verde;Maio;31;10,8;54,9;28,4;11,7;10,7;56,4;5,3;5;34;27,1;59,3;8,4;6,2;14,3
2-Verde;Junho;1;7,4;36,7;20,5;8,2;7,2;34,3;3,8;3,5;21,7;18,9;44,1;5,6;3,8;10,1
2-Verde;Junho;2;4,9;24,6;13,6;4,9;4,3;23,4;2,8;2,9;14,1;17,2;64,2;5,1;2,8;6,6
2-Verde;Junho;3;18,3;76;39,5;17,8;14,7;81,2;11,2;11,7;48,6;42,6;95,2;21,5;10,1;20,1
2-Verde;Junho;4;19,2;78,4;41,1;18,7;16,3;85,1;12;12,6;52;47,7;102,2;21,8;10,8;22
2-Verde;Junho;5;19,3;78,8;41,4;19,3;16,4;86,4;12,2;12,5;53,2;47;102,8;22;11,1;22,5
2-Verde;Junho;6;19,2;78,9;41,8;19,2;16,5;86,5;12,5;12,7;52,8;47,3;103,3;22,5;11;22,4
2-Verde;Junho;7;17,9;75,4;40;18,1;14,8;79,8;11,8;11,5;49;43,1;94,5;20,5;9,9;20,6
2-Verde;Junho;8;11,2;42,3;24;10;8,1;39,5;4,8;4;25,5;20,7;49,2;6,7;4,9;11,6
2-Verde;Junho;9;18,2;23,1;13,2;5,2;4,5;21,8;2,9;2,9;17,9;16,5;32,1;4,8;2,8;6,7
2-Verde;Junho;10;18,1;75,7;39,8;18,1;14,7;81,2;11,1;11,3;49,1;44,2;93,7;22,1;10,1;20,4
2-Verde;Junho;11;19,3;79,4;41,9;19,2;15,6;86,6;12;12,2;53,5;47,3;101,8;22,1;10,9;22,7
2-Verde;Junho;12;19;79,1;41,6;19,5;15,4;81,8;12,3;12,4;53,2;47,7;102,7;22;10,9;18,1
2-Verde;Junho;13;19,1;78,1;40,9;19;15,7;85,3;12,2;12,5;53,4;46,1;101;21,9;11;22,6
2-Verde;Junho;14;17,5;74,8;39,6;18;15,1;80,3;11,7;11,7;49,5;41,2;92,7;20,7;10;20,8
2-Verde;Junho;15;9,3;41,9;23,6;10;8,4;40;4,7;4,1;29,9;24,1;54,4;6,6;4,9;12
2-Verde;Junho;16;5,4;26,4;14,4;5,3;4,6;21,4;3,1;3,5;29,7;23,1;46,8;4,4;2,9;7,4
2-Verde;Junho;17;17,4;74,1;38,8;17,1;14,5;80;11;11,7;48,6;40,9;90,9;21,4;10;20,3
2-Verde;Junho;18;18,6;73,9;40,8;18,3;15,9;86,1;12,1;12,8;51;44,8;98,7;21,7;10,7;22,1
2-Verde;Junho;19;19,5;77;41;18,6;16;85,4;12;12,5;52,7;44,4;102,2;21,8;10,8;22,3
2-Verde;Junho;20;18,3;74,2;40,8;18,3;16;85,1;12,1;12;52,2;44,1;98,7;21,8;10,7;22,2
2-Verde;Junho;21;17;74;39,1;17,5;15,2;79,5;11,6;10,3;48,6;40,3;91;20,9;9,9;20,5
2-Verde;Junho;22;9,1;39,8;23,2;9,6;8,1;39,3;4,6;3,9;23,3;19,7;49,2;6,7;5;11,4
2-Verde;Junho;23;8,5;22,4;12,9;4,9;4,6;22,1;3;2,8;16,1;15,8;32,3;6;2,8;6,6
2-Verde;Junho;24;17,2;73,2;38,1;16,9;14,4;79,4;11,1;10,6;47,5;40,3;88,1;21;9,9;19,8
2-Verde;Junho;25;17,9;76,1;40,1;17,5;14,9;84,3;11,4;11,1;51,3;46,1;95,5;21,3;10,5;21,3
2-Verde;Junho;26;18,4;77,5;40,4;18;15,5;84;11,9;11,3;51,7;46,7;97,3;21,5;10,9;21,8
2-Verde;Junho;27;18;76;40,2;17,6;16,1;84,9;11,9;11,2;51,3;45,7;96,8;21,1;10,5;21,8
2-Verde;Junho;28;16,5;73,3;38,3;16,8;15,5;79,2;11;10,5;48,4;42,1;90,4;19,8;9,9;20
2-Verde;Junho;29;8,5;39,9;22,3;9,2;9,2;37,8;4,4;3,8;23,8;19,4;46,6;6,7;4,8;10,7
2-Verde;Junho;30;4,4;18,5;11,6;4,4;5,2;19,4;2,7;2,6;13,6;12,7;28,9;4,2;2,3;5,7
2-Verde;Julho;1;15,7;69,3;36,5;15,4;13,6;75,2;9,2;9,9;45,8;40,6;84,3;19,2;9,1;18,3
2-Verde;Julho;2;16,9;71,9;38,6;16,6;15,2;80,6;10,3;10,7;50,3;45;92,4;20,2;9,6;20,6
2-Verde;Julho;3;16,1;69,2;36,9;15,8;14,6;76,4;10;10,2;47,5;42,1;87,1;19,3;9,4;19,7
2-Verde;Julho;4;17;71,8;39,1;16,6;15,6;80,9;10,8;10,9;50,5;44,6;92,9;20;9,8;20,9
2-Verde;Julho;5;15,8;72,7;37,8;16;14,7;75,4;10,2;10,2;46,7;41;87;19,1;8,7;18,8
2-Verde;Julho;6;8,4;40,4;22,3;8,6;7,5;36,5;4;3,6;22,3;19,6;47,2;6,6;4,1;10,2
2-Verde;Julho;7;4,7;23,3;12,9;5,3;4,4;20,5;2,7;2,9;16,6;17,1;34,8;4,5;2,6;6,2
2-Verde;Julho;8;10,8;54,8;27,9;11,4;10,4;55,7;4,9;5;33,5;28,9;59,6;9;6,2;13,7
2-Verde;Julho;9;5;24,3;12,7;4,7;4,5;24;2,6;2,9;14,1;13,4;27,4;4,4;2,5;6
2-Verde;Julho;10;16,2;72,7;37,4;16;13,9;77,3;9,9;10,3;48,6;42,9;88,9;19,3;9,3;19,5
2-Verde;Julho;11;16,6;74,4;38;16,6;14,5;79,4;10,5;10,5;50,1;44,1;92,1;19,4;9,6;20,2
2-Verde;Julho;12;15,6;70,3;36,3;15,6;13,8;74,7;9,8;9,8;46,3;40;85,8;18,5;8,8;18,7
2-Verde;Julho;13;8,1;39;21,2;8,6;7,6;35,6;3,9;3,6;22,2;19,3;45,3;6,1;4,2;10,2
2-Verde;Julho;14;8,1;22,1;12,2;4,8;4,2;24,6;2,7;2,8;17,2;18,7;34,4;5,6;2,7;6,2
2-Verde;Julho;15;16,9;70;35,7;14,8;13,6;73,3;9,4;9,7;44,8;40;82,8;19,6;9;18
2-Verde;Julho;16;16,6;74,6;38,2;16,1;14,2;79,3;10,3;10,6;50,7;45,2;92,7;20,3;9,6;19,9
2-Verde;Julho;17;16,8;74,9;38,4;17;14,5;79,5;10,4;10,8;49,9;44,6;95;19,8;9,7;20,3
2-Verde;Julho;18;16,6;71,9;38,5;16,5;14,4;79,6;10,6;10,6;50,5;43,9;92,8;19,5;9,6;20,3
2-Verde;Julho;19;15,3;71,2;36,6;15,7;13,6;74,5;10;9,8;46,2;40,1;83,8;18,4;8,8;18,6
2-Verde;Julho;20;8,4;40,4;22,2;9;7,8;36,6;4,2;3,6;24,4;20,5;47,3;6,2;4,3;10,5
2-Verde;Julho;21;4,8;22,4;12,9;4,9;4,3;20,7;2,8;2,8;18,2;18;34,5;4,1;2,6;6,3
2-Verde;Julho;22;15,4;70,7;36,3;15,1;13,6;74,3;9,5;10;44,9;39,9;82,4;19,4;8,9;18,3
2-Verde;Julho;23;16,8;74,5;38,4;16,4;14,3;81;10,4;10,9;50,3;45,2;92,3;20,1;9,6;20,1
2-Verde;Julho;24;17,3;74,6;38,7;17,2;14,6;80,9;10,6;10,9;50,1;44;97,3;19,8;9,8;20,7
2-Verde;Julho;25;17,1;74;38,9;16,9;14,6;80,3;10,7;10,9;49,7;43,9;92,9;19,7;9,8;20,6
2-Verde;Julho;26;15,8;71,1;37,2;16;13,9;75,5;10,2;10,1;46;39,9;86,3;18,7;9,1;19
2-Verde;Julho;27;17,2;38,3;22,3;9,1;7,8;38,1;4,2;3,8;23,3;19,9;47,4;6,5;4,4;10,8
2-Verde;Julho;28;4,9;21,5;12,8;5;4,5;22;2,8;3,1;16,5;18,1;36,2;4,3;2,6;6,4
2-Verde;Julho;29;15,3;70,4;36,9;15,8;13,8;76;10,1;10,4;45,3;40;83,5;19,7;9,1;19
2-Verde;Julho;30;16,7;72,6;37,7;16,4;14,1;79,1;10,5;10,7;48,1;42,8;92,4;19,8;9,6;20,2
2-Verde;Julho;31;17,8;76,5;39,9;17,3;14,9;82,9;11,4;11,4;51,4;45,7;94,2;20,3;10,3;21,2
2-Verde;Agosto;1;18;75,8;39,5;17,4;15;82,7;11,6;11,3;50,5;45,1;94,3;20,1;9,9;21,3
2-Verde;Agosto;2;16,6;73,5;38,6;17,1;14,4;79;11,2;10,9;44,4;39,6;87,7;19,4;9,5;19,9
2-Verde;Agosto;3;8,7;40,4;22,8;9,4;7,9;37,4;4,4;3,9;24,1;19,7;48,2;6,4;4,9;11,1
2-Verde;Agosto;4;4,5;22,3;12,7;5;4,2;20,8;2,9;3;15,5;14,2;31,3;3,9;2,8;6
2-Verde;Agosto;5;17,8;74,4;39,7;17,9;14,5;80,6;11;11,7;47,5;46,2;91,3;21,4;9,9;20,5
2-Verde;Agosto;6;18,7;76,2;41,9;19,3;16;86,6;12;12,9;52;50,4;100,2;21,8;10,6;22,4
2-Verde;Agosto;7;20,4;75,3;42;19,6;16,5;86,6;12,3;12,8;52,3;50,7;102,3;21,9;10,7;22,9
2-Verde;Agosto;8;18,5;70,2;41,6;19;15,7;86,5;12;14,8;43,4;40,5;95,7;18,5;10;20,6
2-Verde;Agosto;9;16,6;73,6;39,2;17,7;14,1;79;11,2;11,4;46,6;44,2;90,6;20,5;9,6;20,2
2-Verde;Agosto;10;7,1;35;20,6;8,1;6,9;34,4;4;3,6;20,7;17;40,7;6,1;4;9,6
2-Verde;Agosto;11;4;19,4;11,4;4,1;3,9;18,5;2,5;2,5;12,1;10,7;26;3,8;2,2;5,3
2-Verde;Agosto;12;17,9;71,8;40;18,5;14,7;81,8;11;12;47,5;47,8;97;21,3;9,9;20,8
2-Verde;Agosto;13;18,8;78,6;41,3;19;15,7;85,7;11,7;12,9;50,9;51,5;103,6;21,6;10,5;22
2-Verde;Agosto;14;19,4;79,7;41,9;19,3;16,8;86,6;12;12,9;51,7;51,7;104,1;21,6;10,9;22,7
2-Verde;Agosto;15;19,2;80,5;42,3;19,6;17,3;88;12,4;13,1;51,7;51,2;105;21,7;10,9;22,9
2-Verde;Agosto;16;17,7;76,7;40;18,6;16,2;82,1;11,9;11,6;48,4;46,8;97;20,6;10,1;21,1
2-Verde;Agosto;17;8,3;38,1;23;9,6;7,9;39,5;3,7;3,8;24,6;20,9;48,3;6,9;4,7;11,4
2-Verde;Agosto;18;4,3;19,6;14,1;5;4,2;22,1;2,9;3,2;16,3;17,4;34,1;4,2;2,9;6,3
2-Verde;Agosto;19;17,8;70,7;40,2;18,4;14,7;82,7;11,2;12,2;47,2;48;97,1;21,9;10,1;21,1
2-Verde;Agosto;20;19,5;79,4;42,3;19,9;15,6;88,4;12,2;13,6;52,1;52,4;106,4;22,4;10,9;22,9
2-Verde;Agosto;21;19,6;80,9;42,8;19,7;15,8;87,8;12,2;13,3;51,7;51,9;104,9;21,9;11,1;22,7
2-Verde;Agosto;22;19,4;81,4;42,6;19,7;15,9;88,1;12,3;13;51,8;51,2;107,5;21,2;11,1;23,4
2-Verde;Agosto;23;17,6;76;37,6;18,5;14,9;82,2;11,7;11,7;48;46,3;96,5;20,3;10;21
2-Verde;Agosto;24;7,9;38,9;22;8,9;7,5;37,8;4,6;3,8;23,7;21,7;47,3;6,4;4,4;10,7
2-Verde;Agosto;25;3,7;19,3;11,1;4,1;3,8;18,4;2,6;2,5;12,3;11,3;25,1;3,7;2,3;5,2
2-Verde;Agosto;26;17,6;75,4;39,5;18;14,6;81,7;10,9;11,9;46,8;46,6;96,3;21,2;10;20,6
2-Verde;Agosto;27;19,2;78,2;41,8;19,3;16,1;87,1;11,9;12,9;51,5;51,1;104,3;22;10,8;22,5
2-Verde;Agosto;28;19,5;80,4;42,4;19,6;16,6;87,2;12;12,9;51,7;50,9;104,6;21,6;10,9;22,7
2-Verde;Agosto;29;18,8;79,9;42,1;19,6;16,2;87,3;12,3;12,9;51,5;50,4;104,6;21,5;11;22,9
2-Verde;Agosto;30;17,8;74,3;41,1;18,8;14,9;82,3;11,8;11,8;48,8;46,2;96,8;20,5;10,1;21,4
2-Verde;Agosto;31;8,3;39,9;22,7;9,8;8;39,1;4,7;3,9;25;20,4;49,2;6,4;4,7;11,3
2-Verde;Setembro;1;8,9;20,6;12,7;5,1;4,3;21,6;3;2,7;17,5;18,6;34,2;3,9;2,7;6,5
2-Verde;Setembro;2;17,7;76,4;40,1;18,3;14,7;82,2;11,1;11,8;48,2;48;96;20,5;9,8;20,8
2-Verde;Setembro;3;19,1;80,8;42,7;19,6;15,5;87,9;12,3;13;52,6;51,7;104,2;21,3;10,7;22,6
2-Verde;Setembro;4;19,4;75,8;42,6;19,9;15,6;88;12,3;12,9;52,4;52,2;104,2;21,2;11,1;22,8
2-Verde;Setembro;5;19;76,2;42,5;19,8;15,7;88;12,3;12,8;52,3;51,5;104,3;21,1;10,8;22,6
2-Verde;Setembro;6;17,7;77,2;41,1;18,9;15,2;82;12;11,9;49,1;47,5;97,3;20,3;10,2;21,5
2-Verde;Setembro;7;7,3;32,4;21,2;8,4;7,2;32,8;4,3;5,5;27,2;23,7;63,3;5,9;4,4;10,2
2-Verde;Setembro;8;10,1;24,4;13,9;5,4;4,6;23,4;3;3,1;17,7;16,6;47,4;6,5;2,9;7,2
2-Verde;Setembro;9;17,9;73;40,9;18,5;14,6;82,8;11,3;12,2;47,3;48,3;97,2;21,6;10;21
2-Verde;Setembro;10;19,6;79,8;43,2;19,8;15,7;88,9;12,4;13,3;52,2;52,4;106;22,7;10,8;23,1
2-Verde;Setembro;11;19,6;79,1;42,8;20;16;89,1;12,4;13,1;52;51,6;108,5;22;11;23
2-Verde;Setembro;12;19,1;80,3;42,3;19,7;16,2;88;12,4;13;51,6;50,9;104,3;21,6;10,9;23,2
2-Verde;Setembro;13;17,7;73,9;41;18,9;15,5;81,4;11,8;11,8;48,4;46,3;95,6;20,6;10,1;20,9
2-Verde;Setembro;14;8,5;33;23,9;9,7;8,3;39;4,6;4;23,7;20,4;48,5;6,7;4,9;11,5
2-Verde;Setembro;15;9,2;21,2;12,5;4,9;4,3;19,9;2,7;2,7;14;13,7;29,9;4,2;2,7;6,2
2-Verde;Setembro;16;16,4;73,8;38,3;17,4;13,8;79;10,6;11,5;45,7;45,9;93,4;20,8;9,5;19,9
2-Verde;Setembro;17;18,9;80,2;41,8;19,4;15,3;87,7;12;12,9;51,8;51,6;104,3;21,6;10,9;22,4
2-Verde;Setembro;18;19,4;80,2;43,2;19,7;15,5;87,5;12,1;11,9;51,7;50,8;103,9;21,9;10,9;22,9
2-Verde;Setembro;19;18,6;80;42,1;19,3;15,4;87,4;12,2;13,1;51,8;50,6;103,9;21,6;10,9;23,2
2-Verde;Setembro;20;17,2;76,5;40,6;18,5;14,9;82,3;11,7;12;48,5;46,4;95,8;20,4;10,2;20,9
2-Verde;Setembro;21;8,2;40,3;22,5;9,4;8;38,1;4,6;3,9;23,5;21;48,3;7,3;4,7;11,1
2-Verde;Setembro;22;4,9;23;13,1;5,4;4,6;22,1;3;3,1;17,3;16,5;35,6;4,6;3;6,8
2-Verde;Setembro;23;17,9;76,2;40,2;18,6;14,7;82,7;11,1;11,8;47,6;47;96,4;21,5;10,1;20,7
2-Verde;Setembro;24;20,1;80,9;42,8;19,5;15,9;89,2;12,3;13,3;53,2;52,2;105,7;22,4;10,9;22,9
2-Verde;Setembro;25;20,2;78,1;42,3;19,9;15,8;89,1;12,4;13,4;52,7;51,5;105,8;22;11,1;22,9
2-Verde;Setembro;26;19,5;73,5;41,9;19,6;15,8;88;12,2;12,9;52,1;50,1;104,3;21,8;11;22,8
2-Verde;Setembro;27;17,8;75,5;39,7;18,1;14,8;81,8;11,7;11,5;48,4;46;94,8;20,3;10;20,6
2-Verde;Setembro;28;8,6;40,6;23;9,6;7,9;38,5;4,6;3,9;24,1;20,3;47,1;6,7;4,9;11,2
2-Verde;Setembro;29;9,2;22,5;12,8;5,2;4,4;21,9;3;3,2;16,5;17,4;32,8;4,1;2,5;6,6
2-Verde;Setembro;30;18,4;77,2;39,9;18,3;14,8;83;11,3;11,9;48;47,8;95,8;21,1;10,2;20,7
2-Verde;Outubro;1;20,1;76;42,5;19,3;15,7;88,9;12,3;13;52,9;52,4;106;22,2;11;22,8
2-Verde;Outubro;2;19,9;72;41,7;19,7;15,6;88,7;12,1;13,1;52,5;52;104,2;21,7;10,8;22,8
2-Verde;Outubro;3;19,4;79;41,2;19,1;15,5;87,1;12;12,8;51,2;50,8;103,7;21,5;10,7;22,4
2-Verde;Outubro;4;17,9;76,2;40,2;17,9;14,8;81,6;11,6;11,7;48,6;46,5;97,7;20,5;9,8;21
2-Verde;Outubro;5;8,9;41,2;23,4;9,7;8,2;43,4;4,7;4;23,5;21,1;53,7;6,5;5,1;11,7
2-Verde;Outubro;6;5,9;23,7;12,2;7;4,9;22,8;3,7;3,3;11,8;14,6;36,8;4,8;2,9;7,6
2-Verde;Outubro;7;18,5;77,7;40,4;18,2;14,8;82,9;11,3;12,1;48,5;48;97;21,2;10,1;20,8
2-Verde;Outubro;8;20,4;82,7;43,4;19,7;16,2;89;12,4;13,3;53,6;52,7;108;22;11;22,9
2-Verde;Outubro;9;20,3;81,6;42,6;19,5;16,2;87,7;12,2;13,2;53,2;52,1;107,2;21,7;11,1;22,8
2-Verde;Outubro;10;19,8;79,4;42;19,5;16,3;87,7;12,3;12,9;51,9;50,4;103,9;21,5;10,8;22,3
2-Verde;Outubro;11;18,2;77,2;40,3;18,2;16;81,9;11,5;11,6;47,9;46,2;95,3;19,9;9,7;20,7
2-Verde;Outubro;12;6,7;33,1;18,8;7,5;8,1;30;3,9;4,2;19,8;17,8;43,2;5,5;3,6;9,2
2-Verde;Outubro;13;5,2;22,9;13,3;5,4;6,1;21,6;2,9;3;17,4;16,9;35,5;4,6;3,1;6,6
2-Verde;Outubro;14;17,7;75,3;38,6;17;16,1;80;9,4;11;47,6;43,9;91,3;20,9;9,5;20
2-Verde;Outubro;15;19,2;80,2;41,2;18,4;15,4;86,7;11,7;12,1;52,2;48,9;101;21,5;10,5;21,7
2-Verde;Outubro;16;20,3;82,6;42,7;20;15,7;89;12,2;13,1;52,9;51,2;103,4;22,3;10,9;22,6
2-Verde;Outubro;17;19,7;81,3;42,3;19,7;15,6;88,9;12,4;12,8;52,6;51;103;21,8;11,1;22,8
2-Verde;Outubro;18;16,9;74,5;39;17,8;14,4;79,2;11,2;11,3;47,3;43,9;88,6;20;9,8;20,2
2-Verde;Outubro;19;8;36,7;20,5;8,2;7,1;35,9;4;3,6;20,4;18,1;41,6;6,5;4,2;9,8
2-Verde;Outubro;20;4,2;20,1;11,1;4,3;3,8;19;2,6;2,9;12,7;11,6;26,2;4,3;2,5;5,7
2-Verde;Outubro;21;18,3;77,8;40,3;18,4;14,7;81,4;11,2;11,8;48,2;47,8;95,9;21,2;10,2;20,8
2-Verde;Outubro;22;20,4;82;42,9;19,9;16,8;89,3;12,4;13,2;53,7;52,7;105,2;22,3;11,1;23
2-Verde;Outubro;23;19,6;81,2;42,4;19,4;16,8;88,1;12,1;12,8;52,4;52;103,9;21,8;10,9;22,8
2-Verde;Outubro;24;19,4;81,5;42;19,4;16,7;88,7;12;12,8;52,1;50,5;103,9;22;11,1;23,1
2-Verde;Outubro;25;17,2;75,3;39,8;17,6;14,4;80;11,4;11,4;47,3;44,8;92,9;20,3;9,8;20,5
2-Verde;Outubro;26;8,7;42,1;23,2;9,6;8,1;39,7;4,6;3,8;24,1;20,2;49;6,6;4,8;11,2
2-Verde;Outubro;27;5,6;22,9;11;6,1;4,5;21,9;3,6;3,1;11,8;13,6;33;4,5;3;7
2-Verde;Outubro;28;16,5;74,6;38,2;17;13,8;78,5;10,7;11,7;47,3;46,6;90,7;19;9,7;20
2-Verde;Outubro;29;20,2;82,9;42,8;19,6;15,7;89,1;12,3;13,2;53,2;52,2;104,6;22,8;10,9;23
2-Verde;Outubro;30;20,1;82,8;42,9;19,6;15,8;89,2;12,2;13,3;53,6;51,7;106,8;22,2;11,2;23,1
2-Verde;Outubro;31;19,7;82,1;43,1;19,4;16;89,8;11,2;13,1;53,2;50,8;105,6;22,2;10,9;22,8
2-Verde;Novembro;1;18,6;79;41,5;18,7;15,1;85,1;11,8;11,9;49,3;46,2;96,8;20,7;10,1;21,4
2-Verde;Novembro;2;7,1;32,5;17,9;6,8;6,1;32,2;3,8;4;17,9;17;39;6,7;3,6;8,5
2-Verde;Novembro;3;4,4;20,2;9,3;4,7;3,7;20,9;2,7;2,8;10,2;11,8;28,3;4;2,4;5,4
2-Verde;Novembro;4;18;77,2;39,8;18,2;14,8;82,8;10,9;11,8;49;47,5;97,2;21,5;10,1;20,6
2-Verde;Novembro;5;20,1;83;43,2;19,9;15,8;89,7;12,3;13,1;54,7;53,2;106,8;22,8;11,1;23,2
2-Verde;Novembro;6;19,4;81,2;42,8;19,8;15,8;89,6;12,3;13,2;54,2;49,6;107,8;22,5;9,5;23,4
2-Verde;Novembro;7;19,5;81,2;42,7;19,3;15,7;89,2;12,3;12,8;53,8;52,3;106,9;22,4;11,3;23,3
2-Verde;Novembro;8;17,4;75,6;39,9;17,9;14,5;82,5;11,4;11,9;49;46,6;97;21,3;9,9;20,7
2-Verde;Novembro;9;8,8;42,8;24,2;10,1;8,3;40,3;4,7;3,9;24,5;21,6;51,2;7,8;4,9;11,5
2-Verde;Novembro;10;5,6;24;11,4;6,3;4,5;22,6;3,3;3,6;12,8;16,5;35,6;4,6;3,1;7
2-Verde;Novembro;11;18,6;79,6;41,8;19,1;15,2;85,8;11,6;12,6;51,1;48,1;96;22,5;10,4;21,4
2-Verde;Novembro;12;20,1;84,3;43,8;20,1;16,3;91,4;12,4;13,7;55,3;54,1;105,2;22,7;11,5;23,6
2-Verde;Novembro;13;20,1;82,5;43,6;20,2;16;90,5;12,6;13,6;54,3;52,3;105,7;22,9;11,4;23,5
2-Verde;Novembro;14;19,3;82,5;43,3;19,8;15,8;88,4;12,5;13,2;53,4;49,8;104,8;22,2;11;23
2-Verde;Novembro;15;14,1;33,3;18,3;6,9;7;31,8;3,9;4,4;19,3;18,7;42;5,8;3,9;9,1
2-Verde;Novembro;16;7,1;35,9;20;7,9;7,4;33,7;3,6;3,3;20,7;19,1;43,9;5,7;4,1;9,5
2-Verde;Novembro;17;4,7;22,6;12,8;4,8;4,6;21,7;2,8;3;15,8;16;32;4,3;2,7;6,2
2-Verde;Novembro;18;18,1;78,5;40,9;18,4;15,1;84;11,2;11,8;49,8;46,7;95,9;21,8;10,4;21
2-Verde;Novembro;19;19,9;84,4;43,8;20,2;16,2;90,2;12,4;12,9;54,5;50,7;106,5;22,6;11,2;23
2-Verde;Novembro;20;6,9;35,1;18;7,2;7,7;32,5;3,9;4;20,2;19;41,6;6,4;4;9,5
2-Verde;Novembro;21;16,7;81,4;42,1;18,9;16,3;87,8;12,2;12,3;52,2;48,3;102,4;22,2;11,2;22,8
2-Verde;Novembro;22;18;78,5;40,9;18,2;15,8;83,1;11,8;11,4;49,4;45,9;95,9;21;10,1;21,1
2-Verde;Novembro;23;8,8;43;23,6;9,7;9,5;39,8;4,7;3,9;23,6;20,2;49,1;6,9;4,9;11,2
2-Verde;Novembro;24;5,1;24,8;13,9;5,9;4,9;23,5;3,3;3;16,6;16,6;33,3;4,5;3,2;6,9
2-Verde;Novembro;25;18,2;79,4;41,2;18,8;15,3;84,8;11,4;11,7;50,4;46,7;97,7;22;10,2;21,1
2-Verde;Novembro;26;20;85,5;43,5;19,7;15,8;91,1;12,2;12,5;53,8;50,6;104,6;22,7;11,3;23,4
2-Verde;Novembro;27;19,7;83;42,9;20,4;15,9;91;12,3;12,8;55;50,3;106,2;19,2;11;23,5
2-Verde;Novembro;28;18,9;80,6;42,2;19,4;15,9;89,8;12,4;12,3;54,1;52,4;106,9;22,4;11,3;23,5
2-Verde;Novembro;29;17,9;79,3;41,6;18,8;15,6;84,6;12,1;11,5;52;49,4;99,5;20,9;10,3;21,5
2-Verde;Novembro;30;9,3;45,7;24,9;9,8;8,7;40,8;4,5;3,9;25;21,7;50,3;6,7;4,8;11,4
2-Verde;Dezembro;1;5,3;25,1;14,3;5,4;4,9;23,6;3,2;3,3;17,9;17,5;34,9;5;2,9;7,1
2-Verde;Dezembro;2;17,7;79,9;40,6;18,2;14,9;84;11;11,3;49,1;47,5;96;21,6;10,2;20,8
2-Verde;Dezembro;3;18,6;80,8;41,9;18,5;15;87,3;11,6;11,6;52,1;50,7;101,6;21,4;10,6;22,3
2-Verde;Dezembro;4;16,8;78,1;36,1;17,1;14,6;87,1;12,5;12;52,7;51,3;104,5;20,7;10,3;21,5
2-Verde;Dezembro;5;19,4;82,9;43;19,3;17,6;90,1;12,7;12,4;55,2;50;106,2;22,5;11,3;23,8
2-Verde;Dezembro;6;18,3;81,1;42,6;18,9;17,5;85,7;12,2;11,9;51,1;46,3;99,6;20,9;10,7;22,7
2-Verde;Dezembro;7;9,7;48,3;26,1;10,5;12,5;43,6;4,9;4,4;28,6;24,3;54,6;7,3;5,3;12,5
2-Verde;Dezembro;8;5,3;26,4;14,1;5,5;8;24,5;3,1;3,7;18,9;18,3;36,1;4,6;3,2;7,5
2-Verde;Dezembro;9;17,6;78,7;40,5;17,4;14,8;83,6;10,8;12,1;49,8;45,7;94,6;21,7;10,5;21,1
2-Verde;Dezembro;10;18,3;81,6;41,9;18,3;15,5;88,7;11,8;12,3;54,6;51,4;104,5;22,7;11;23,1
2-Verde;Dezembro;11;19,1;82,8;42,7;18,8;15,8;89,9;11,8;12,1;55,2;50,5;106,7;22,1;11,2;23,5
2-Verde;Dezembro;12;18,6;82,7;43,1;18,7;16,1;90,1;12,1;12,6;55,4;50,7;108,4;22;11,4;24,1
2-Verde;Dezembro;13;17,7;78,9;41,1;18,2;15,4;84,8;11,6;11,8;52,1;46,6;100,8;20,8;10,5;22,4
2-Verde;Dezembro;14;9,6;45,8;25,4;9,9;8,5;41,8;4,7;4,1;26,6;22,7;56,4;7,4;5,2;12
2-Verde;Dezembro;15;5,7;27,7;15,2;6,5;5,6;26,7;3,3;3,5;19;17,4;37,9;6,3;3,6;7,5
2-Verde;Dezembro;16;16,4;77;39,4;16,7;14,3;82;10,4;11;49,1;44,7;93,9;20,7;10,1;20,5
2-Verde;Dezembro;17;17,5;79,7;41,1;17,6;15,1;86,1;11,2;11,5;53,6;48,2;101,8;21,5;10,5;22,1
2-Verde;Dezembro;18;17,3;77,2;40,4;17,6;15;84,7;11,1;11,2;52,3;47,4;97,8;20,5;10,7;22,3
2-Verde;Dezembro;19;16,8;75,5;39,5;17,1;14,5;82,4;10,8;10,9;50,5;45,2;94;20,4;10,2;21,6
2-Verde;Dezembro;20;15,2;71,4;37,4;15,6;13,8;71,1;9,8;9,6;46,7;40,2;88,2;19;8,8;19,1
2-Verde;Dezembro;21;7,9;41,6;23,1;8,5;7,5;37,1;3,8;3,2;21,3;18,6;43,3;6,3;4,1;9,7
2-Verde;Dezembro;22;4,8;25,7;13,7;5,3;4,6;22,6;2,7;2,6;16,4;16;30,9;4,2;2,8;6,1
2-Verde;Dezembro;23;10;52,3;27;10,9;9,8;52,2;6,8;6,4;31,8;27;57,1;12,1;5,8;12,3
2-Verde;Dezembro;24;5,1;27,6;15,3;5,5;5,1;26,7;2,4;2,2;15,3;12,2;26,4;5,6;2,7;6,1
2-Verde;Dezembro;25;2,8;14,5;7,7;2,6;2,1;13,7;1,2;1,2;6;5,1;12;3;1,3;2,9
2-Verde;Dezembro;26;8,2;45,5;22,8;9,3;8,8;48,5;6;5,3;28,4;24,6;54;11,7;5;10,7
2-Verde;Dezembro;27;9,8;49,4;25,7;10,2;9,7;52,3;6,7;5,8;31,9;26,4;59,1;12,5;5,4;11,9
2-Verde;Dezembro;28;5,9;32,7;17,5;6,6;6,2;30,2;3,2;2,4;19,4;16,1;37;5,1;3,1;7,5
2-Verde;Dezembro;29;3,6;19,6;10,8;4;3,7;18,5;2,2;2,1;14,8;14,1;26,9;3,7;1,9;4,5
2-Verde;Dezembro;30;7,6;39,8;20,5;8,2;7,7;40,5;5,5;4,7;25,4;21,2;46,3;9,8;4,4;9,3
2-Verde;Dezembro;31;5,1;25,4;14,7;5,2;5,1;25,7;2,2;2,2;25,6;30,6;36,8;5,3;2,8;6,4
