LINHA;MES;DIA;ITQ;ART;PCA;VPA;VTD;PEN;CAR;TAT;BEL;BRE;BAS;PDS;PSE;GBU;REP;CEC;DEO;BFU
3-Vermelha;Janeiro;1;18,2;10,3;3,6;3,5;4,3;4,8;5,7;23;6,2;5,4;10,1;5,4;2,8;6,7;22,3;4,6;4,2;34,3
3-Vermelha;Janeiro;2;46,9;33,2;12,3;11,9;14,4;15,5;22,1;71,2;21,8;17,3;34;10,6;12,2;30,7;72,9;13,8;14,9;87,7
3-Vermelha;Janeiro;3;54,7;39,7;15;14,2;17,9;18,9;27,2;84,5;26,3;20,7;40,2;11,7;14,3;37,7;87,7;16,9;18,1;107,7
3-Vermelha;Janeiro;4;56,9;41,3;16,2;14,9;18,7;19,6;28,9;88,8;27,4;21,3;40,6;12;14,9;39,2;91,9;17;19;105,3
3-Vermelha;Janeiro;5;59,5;42,9;16,3;15,6;18,5;20,3;30,3;94,5;28,4;23,1;44,2;13,3;15,9;40,4;96,4;18;19,8;108,3
3-Vermelha;Janeiro;6;40,1;28,3;10,3;10,1;12,2;13,2;19;67,4;18;17;33,8;8,9;9;20,4;60,3;11,5;12,2;75,4
3-Vermelha;Janeiro;7;26,4;16,1;5,8;5,4;7,6;7,9;10;40,3;12,1;9,1;16,6;6,8;4,5;10,2;34,1;8,4;7,4;48,9
3-Vermelha;Janeiro;8;62,6;45,8;17,6;16,7;21,4;22,1;33,5;99,5;30,4;25;49,9;11,7;19,2;43,7;102,4;18,9;17,8;120,9
3-Vermelha;Janeiro;9;64,9;48,1;18,6;17,8;22,8;23,4;36;105,1;33,9;26,5;52;15,3;20,2;46,2;111,8;20;22,2;126,5
3-Vermelha;Janeiro;10;64,9;48,1;18,5;18,1;23;23,6;36,2;103,5;33,7;26,1;51,7;14,3;20,1;46,7;112,4;20,4;22,7;128,8
3-Vermelha;Janeiro;11;64,2;48,5;18,9;17,9;22,9;23,2;36,6;102,5;33,3;26,3;48,8;13,7;19,3;45,5;110;19,8;22,6;118,1
3-Vermelha;Janeiro;12;64,9;48,2;18,3;17,6;22,1;23;34,9;98,8;32,7;25,7;46,9;14,4;18,9;44,4;107,2;19,2;22;120,1
3-Vermelha;Janeiro;13;42,3;29,3;10,9;10,4;13;14;20,3;69,7;18,5;18,5;36,3;8,9;9;20,2;61,2;12;13;77,7
3-Vermelha;Janeiro;14;30,1;18;6,2;6,4;8;8,7;14,2;42,1;13,9;12,3;18,3;8,3;4,5;11,5;39,7;8,5;8,8;64,5
3-Vermelha;Janeiro;15;65,1;47,7;18,4;17,7;22,6;23;36,3;99,1;31,8;25,9;49,5;13,4;19,6;45,3;105,9;19,7;22,2;126,1
3-Vermelha;Janeiro;16;67,3;50,1;19,2;18,6;23,7;24,2;37,6;107,3;35;26,6;50,5;15,4;19,8;47,6;113;20,8;23,2;137,5
3-Vermelha;Janeiro;17;66,5;49,5;19,2;18,7;23,7;24,2;38,5;106;35,2;26;48,3;14,3;19,4;47,1;112,5;20,7;23,5;132,2
3-Vermelha;Janeiro;18;67,3;49,7;19,8;18,7;23,9;24;37,9;106,5;34,5;25,5;48,3;14,3;19,5;47,7;112,7;20,4;23,7;131,3
3-Vermelha;Janeiro;19;66,1;49,3;19;18,4;23,4;23,8;37,5;108;34;25,6;48,6;14,9;19,4;46,2;109,5;20,1;23,6;135
3-Vermelha;Janeiro;20;44,3;30,6;11,3;10,8;13,2;14,3;22,7;70,4;19,4;16,7;35,7;9,5;9,2;19,7;64,9;12,4;13,6;93,6
3-Vermelha;Janeiro;21;37,7;17,9;6;5,9;7,8;7,9;11,4;41,1;11,9;11,1;16,3;6,1;4,1;10,6;37,2;8,2;10,4;66,7
3-Vermelha;Janeiro;22;72,5;47,3;18,8;18,3;23,3;24;37,7;105,6;32,7;26,2;50;13;20,2;46,3;110,3;19,9;23,5;132,1
3-Vermelha;Janeiro;23;61,6;48,1;18,7;17,8;23,3;23,2;36,8;102,8;32,9;23,8;46,5;14,5;18,5;43,4;111,6;19,7;22,8;135,9
3-Vermelha;Janeiro;24;69,8;52,5;20,2;19,8;25,1;25,5;40,1;112,2;36;27,8;50,5;15,5;21,3;49,5;120,9;21,7;25;148,9
3-Vermelha;Janeiro;25;45,4;26,6;9,3;8,7;10,9;11,6;17,1;56,1;15,8;8,6;21,6;7;6,6;20,3;54;9,8;11,4;78,8
3-Vermelha;Janeiro;26;58,4;43,2;16,3;15,7;19,3;20,7;31,6;93;29,3;23,3;45,6;12,7;14,4;37;92,8;17,6;20,7;117
3-Vermelha;Janeiro;27;43,6;30,2;11,1;10,8;13,8;14,3;21,3;78,3;18,9;16;35,7;9,5;9;21,3;66,1;12,2;14;88,9
3-Vermelha;Janeiro;28;30;15,6;5,2;5,5;7,1;7,2;10;32,9;11,1;9;14,6;5,9;3,8;10,8;32,7;8,1;8,5;59,1
3-Vermelha;Janeiro;29;66,8;49,6;19,2;18,6;22,8;22,5;39;106,9;33,3;26,5;49;13,9;19,7;46,5;110,4;20;23,8;131
3-Vermelha;Janeiro;30;78,4;54,3;20,6;19,9;25,6;25,8;41,1;109,8;36,2;27,8;52,6;16,2;20,9;49,7;121,3;21,4;25,5;143
3-Vermelha;Janeiro;31;67,4;51,1;20,2;19,8;25,2;25,7;40,2;111,7;35,8;27;51,3;14,7;20,7;49,5;118,8;21,4;24,8;142,6
3-Vermelha;Fevereiro;1;67,5;51,1;20,4;19,4;24,8;24,5;38,5;114,8;31,2;23,2;48,2;13,2;18,6;38,3;110,4;18,1;21,3;147,8
3-Vermelha;Fevereiro;2;63,1;50,5;19,8;18,2;23,9;24;38,7;109;34,5;26;49,1;14,9;19,8;47,3;116,2;20,7;24,1;130,7
3-Vermelha;Fevereiro;3;45,3;32,6;12,3;12,1;14,4;16,1;22,8;74,4;20,3;18,6;40,1;10;10,3;24;74,1;14,8;16,2;83,3
3-Vermelha;Fevereiro;4;36,2;19;6,6;6,8;7,9;9;11,6;42;13,3;11,6;16,9;6,9;4,8;13,9;46,2;10,7;9,8;68,2
3-Vermelha;Fevereiro;5;69,7;51,8;20,6;19,7;24,8;25,2;44,5;104,6;34,6;27,4;50,9;14,4;21,4;48,2;115,6;21,6;24,6;133,7
3-Vermelha;Fevereiro;6;70,8;53,5;21,2;20,5;26,3;26,2;46,3;117,9;36,8;28,3;53,6;16;21,7;50,3;124;22,4;25,5;145,3
3-Vermelha;Fevereiro;7;71,5;54,5;21,6;21,3;26,4;27,2;46,7;114,5;36,9;28,6;53,5;15,3;21,8;50,6;123,9;23,2;25,9;144,8
3-Vermelha;Fevereiro;8;70,5;54,1;21,6;20,7;26;26,6;45,5;114,4;36,6;28,1;52,3;14,7;21,3;49,9;121,9;22,4;25,9;135,6
3-Vermelha;Fevereiro;9;69,9;53,4;20,8;20,1;24,7;26,1;42,3;109,5;35,8;27,5;52,4;15,5;20,6;49,8;118,8;21,5;24,7;151,1
3-Vermelha;Fevereiro;10;44,3;30,8;11,8;11,6;12,9;15,3;20,9;70,6;19,7;17,2;36,4;9,4;10;28,8;85,5;14,2;17,6;89,3
3-Vermelha;Fevereiro;11;40,1;20,4;7,1;7,4;8,6;9,8;12,1;45,1;13,5;10,6;19,8;8,7;4,9;17,5;55,8;10,4;12,3;83,3
3-Vermelha;Fevereiro;12;39;27,9;10,5;10;11,4;13,5;18,9;61,9;19,1;16,6;29;7,7;8;23,5;63,9;16,9;15;72,5
3-Vermelha;Fevereiro;13;31,6;21,8;8,2;8;9,4;10,4;15,1;55,9;15,5;12,9;20,8;7,6;5;19,4;53,8;14;14,6;91,6
3-Vermelha;Fevereiro;14;54,7;41,4;15,6;15,1;18,4;20,1;30,5;64;27,3;21,8;52,4;11,9;14,1;36,8;86,1;17,5;19,2;102,5
3-Vermelha;Fevereiro;15;70,4;52,4;20,8;19,7;24,9;25,8;45,4;72;34,6;26,8;69,9;14,3;20;47,3;112,7;21,4;24,2;137,1
3-Vermelha;Fevereiro;16;68,4;52;20,5;19,6;24,6;25,8;43,5;73,1;35,3;27,5;72,4;16,3;20,1;47,1;111,6;21,8;24,3;130,9
3-Vermelha;Fevereiro;17;44,4;31,8;12,2;11,6;14,4;15,3;22,9;59,3;20,2;17,4;43,8;9,8;10,2;23,9;69,5;15,1;15,3;86,3
3-Vermelha;Fevereiro;18;34,2;17,3;6,1;6;7,9;8,1;11,4;42;12;9,5;22,2;6,1;4,3;12,4;40,5;8,7;8,3;54,5
3-Vermelha;Fevereiro;19;70,9;53;21,2;20,2;25,7;26,8;50,4;71,1;35;31,7;72,2;14,1;20,6;47,8;114,9;22,3;24,6;142,1
3-Vermelha;Fevereiro;20;71,7;54,8;21,8;20,9;26,4;27,7;51,6;72,8;36,8;31,7;75;15,6;20,6;49,8;119,2;22,8;25,5;144,5
3-Vermelha;Fevereiro;21;71,3;54,5;21,6;20,9;26,5;27,7;51,6;73,3;37,3;30,2;71,8;15;21;50,3;119,7;23,1;25,4;145,2
3-Vermelha;Fevereiro;22;67,3;55;22,2;21,1;27,1;27,8;51,1;73,6;37,4;30,9;74,2;14,8;17,7;49,1;118,7;22,7;25,7;143,4
3-Vermelha;Fevereiro;23;68,4;53,8;21,1;20,4;25,6;26,8;48,5;75,3;36,9;30,1;73,7;15,4;20,6;48,2;117,7;22,2;25,7;131
3-Vermelha;Fevereiro;24;43,6;31,2;11,9;11,1;14,1;14,5;23,4;58,6;20;17,2;41,5;9,4;9,3;21,3;62,8;12,8;14,3;83,7
3-Vermelha;Fevereiro;25;38,1;20,1;7,1;7,1;9,6;11,6;13,7;43,7;13,7;11,8;19,5;6,7;5,3;12,7;46,6;8,9;9;64,8
3-Vermelha;Fevereiro;26;70;53,5;21,4;20,5;25,8;26,7;45,1;71,2;35,6;31,9;73,8;14,1;20,8;47,9;113,6;22,3;25,4;142,5
3-Vermelha;Fevereiro;27;72;52,5;22,2;21,2;27,1;27,9;47,9;74,2;37,8;33,1;75,8;16;20,8;50,2;120;23,1;26,7;149,9
3-Vermelha;Fevereiro;28;70,9;54,5;22,1;21,1;26,7;27,8;51,9;67,6;37,2;30,4;73,8;14,9;20,6;50,1;118,2;23,4;26,5;137,7
3-Vermelha;Fevereiro;29;71,8;55,4;22,5;21,2;26,9;27,7;52,1;73,2;37,4;31,5;74,1;15;21;50,3;121,8;22,9;26,5;145,5
3-Vermelha;Março;1;71;54,9;21,9;20,9;26,1;27,3;49,3;75,3;36,8;31,4;74,6;15,6;20,5;49,6;118,8;23,4;25,9;137,3
3-Vermelha;Março;2;56,7;34,4;12,6;12,4;15;15,6;25,2;61,9;21,6;18,6;43,3;9,9;9,8;22,7;69;13,5;15,3;92,4
3-Vermelha;Março;3;27,1;17,1;6,3;6,4;8;8;11,2;34,1;12,6;9,1;21,4;6,6;4;11,4;37,9;8,8;8,6;51,9
3-Vermelha;Março;4;71,3;54,7;21,7;20,7;26;27;51,4;72,5;36,2;31,6;76,8;14,3;20,9;49,5;116,2;22,8;25,7;136
3-Vermelha;Março;5;70,8;54,6;21,9;21,1;22,8;28,1;51,5;75,7;38,2;32;75,7;16,2;21,4;52,7;121,8;23,2;26,3;150,3
3-Vermelha;Março;6;72;56,2;22,4;21,6;27,4;28,2;53,2;75,1;37,5;31,1;74,1;15,4;21,6;51,1;123,2;24,2;27;146,8
3-Vermelha;Março;7;72,3;53,8;22,8;21,7;27,2;28,5;52,2;75,7;38,2;31,8;76;15,2;21,4;51,3;124,3;23,5;27;142,1
3-Vermelha;Março;8;73,3;55,9;22;21;26,6;27,7;49,4;77,3;37,4;31,4;76,8;15,9;21,9;53,9;122,3;23,1;26,5;145,8
3-Vermelha;Março;9;46,2;32,8;12,7;11,9;14,8;15,6;24,2;61,2;20,9;18,1;48;9,6;10,2;23,4;66,2;13,7;15;85,2
3-Vermelha;Março;10;25,9;16,4;6,1;6;7,5;8;11;33,5;11,9;9,2;19,6;7,5;3,9;11,9;33,9;8,3;8,7;56,7
3-Vermelha;Março;11;71,5;54,9;21,6;20,6;26,3;27,3;51,3;72,7;35,7;32,2;77;14,5;21,1;49,5;116,4;22,6;25,5;139,9
3-Vermelha;Março;12;72,2;56,4;22,4;21,6;27,4;27;52,2;75,8;36,3;33,4;76,4;16,3;21,5;52,2;123,6;23,6;26,7;152,8
3-Vermelha;Março;13;76,5;56,4;22,5;21,6;27,6;28,7;53,3;75,1;38;31,1;79,9;15,6;22,2;53,8;123,9;24,2;26,8;152,5
3-Vermelha;Março;14;71,9;56,1;22,5;21,3;27,2;28;52;73,7;37,8;31,8;80,1;15;21,2;50,9;118,3;23,2;26,9;143,1
3-Vermelha;Março;15;72,6;55,5;21,8;20,7;25,8;27,9;50;76,6;38,2;31,3;76,5;15,9;20,5;50,7;117,5;23,6;26,5;146
3-Vermelha;Março;16;46,5;32,7;12,6;11,6;14,9;15,7;24,8;60,8;21,6;17,9;45,2;10,2;10,1;23,9;67,7;13,9;15,6;86,8
3-Vermelha;Março;17;26,5;16,7;6,5;6,2;7,9;8,4;11,5;34,1;13,2;9,1;18,8;6,3;4,3;11,3;37,5;8,9;9,3;53,9
3-Vermelha;Março;18;70,9;53,7;21,5;20,4;25,9;26,8;50,4;71,4;35,5;31,3;74,6;14,2;20,7;49,7;115;21,6;25,3;138,5
3-Vermelha;Março;19;72,3;56,3;22,2;21,1;27,6;28,4;52,8;75,3;38,8;32,9;77,4;15,9;21,5;56,2;122;22,2;26,7;145,1
3-Vermelha;Março;20;72,8;56,3;22,5;21,8;27,5;28,9;53,6;75,1;38,6;31,2;77;15,6;21,8;53,5;126,5;23,9;27;145,3
3-Vermelha;Março;21;72;56;22,6;23,4;27,5;28,4;52,7;75,2;38,5;32;75,6;15,1;21,1;49,7;123,1;23,4;26,8;139,9
3-Vermelha;Março;22;82,1;54,1;21,3;20,5;25,9;27,1;47,6;84;36;29,9;77,3;15;20;49,9;110,9;22,2;26;140,6
3-Vermelha;Março;23;42,8;30,2;11,5;10,4;13,7;14,4;22,7;55,3;19,7;16,2;40,5;9,1;9,8;22,4;65,7;12,5;14,4;78,1
3-Vermelha;Março;24;24,8;16,2;6;5,8;7,4;7,6;8;32,1;11,5;9,7;16,1;5,7;4,3;10,7;35,4;8,6;8,6;49,3
3-Vermelha;Março;25;67,9;54,5;21,8;20,8;26,2;27,5;51;71,5;35,6;31,4;73,5;14,6;21,2;49,2;116,4;22,7;26;142
3-Vermelha;Março;26;73,2;56;22,7;21,8;27,8;28,7;52,8;74,3;38,3;33;76,1;16,3;21,6;52,9;123,8;23,8;26,8;142,2
3-Vermelha;Março;27;88;58,6;22,7;22;27,6;29,5;53,3;75,3;38,2;30,9;76,5;15,6;21,2;50,5;125,2;24;27,1;149,7
3-Vermelha;Março;28;71,5;54,5;22;21,1;26,4;27,1;48,3;75;37,6;30,2;72,8;15,2;19;49,8;119,4;22,8;25,8;143,4
3-Vermelha;Março;29;31;19;7,4;6,9;8,2;8,7;12,4;36;11,7;10,1;21,4;6,9;4,7;13,4;36,8;9;9;62,9
3-Vermelha;Março;30;40,1;28,2;10,7;10,1;12,1;12,5;18,2;51,3;17,1;14,9;40,7;8,7;8,7;19,7;56,4;11,6;12,5;64,7
3-Vermelha;Março;31;26,5;16,7;5,9;5,9;7,1;7,6;10;31,3;11,6;8,1;18,1;6,4;3,9;10,6;31,9;8,2;7,6;42,3
3-Vermelha;Abril;1;71;53,7;21,7;20,5;25,8;26,8;51,1;70,6;35,5;31,8;72,8;14,1;20,4;48,7;115,5;22,2;25,2;143,6
3-Vermelha;Abril;2;71,9;55,6;22,5;21,4;27,2;28,2;52,5;73,9;37,3;32,4;74,6;16;21;50,9;122,8;23,5;26,5;145,5
3-Vermelha;Abril;3;72,6;55,9;21,7;21,5;27,5;28,8;53,2;74,8;38,1;31,2;74,2;15,4;21,2;51,3;124,3;24,3;27;144,1
3-Vermelha;Abril;4;71,2;55,7;22,6;21,8;27,2;28,1;52,5;75,7;38,3;31,7;75,7;15,1;21,2;51;124,6;23,3;26,9;144,9
3-Vermelha;Abril;5;73;56,5;22,3;21,5;27;28,4;50,9;78,5;38,4;32,1;76;15,9;21,1;50;123,4;23,8;26,7;147,4
3-Vermelha;Abril;6;48,1;33,8;13,1;12,4;15,2;16;25,7;64,2;21,8;19,7;49,9;10,1;10,5;24;70,9;14,7;16;91,9
3-Vermelha;Abril;7;28;17,8;6,6;6,4;8,2;9,2;11,8;35,8;12,8;9,8;19,8;6,7;4,6;11,5;38;9,1;9,1;62,6
3-Vermelha;Abril;8;70,8;53,9;21,6;20,3;25,8;27,6;49,5;72,4;36,2;31,7;74;14,3;21,3;48,9;116,4;22,3;25,5;141,9
3-Vermelha;Abril;9;79,8;57,6;22,5;21,7;27,7;28,5;52,5;74,1;38,4;33,2;76,5;15,8;21,6;52,4;125,2;22,7;26,5;146,1
3-Vermelha;Abril;10;71,2;56,2;22,5;20,8;27,4;28,7;53;75;38,4;31,2;75,5;15,6;21,6;51,2;125,6;24;26,9;148
3-Vermelha;Abril;11;72,4;55,5;22,6;21,4;26,9;28,2;51,3;75,4;37,7;31,5;73,4;15;21,1;50,7;123,3;23,1;26,6;141,8
3-Vermelha;Abril;12;71,2;50,7;21,9;21;25,9;27,8;49;75,2;37,3;31,6;76,1;14,5;20,8;49,6;119,5;23;26,1;140,5
3-Vermelha;Abril;13;46,4;32,7;12,5;12,3;14,8;15,8;24,9;61;21;18;46,4;9,9;10,4;23;67,8;11,3;15,5;81,7
3-Vermelha;Abril;14;39,2;19,7;6,6;6,5;8,4;8,6;11,6;35,2;12,7;9,4;20,4;7,9;4,6;11,6;37,7;9;8,8;55,1
3-Vermelha;Abril;15;70,7;53,6;21,4;20,4;25,7;27;50,1;71,7;35,5;31,2;74;14,1;20,7;48,7;114,6;22,1;25,4;141,2
3-Vermelha;Abril;16;71,8;55,5;22,5;21,5;27,3;28,1;52,4;74,1;38,2;32,7;75,8;15,8;21,1;51,4;123,3;23,4;26,8;147,8
3-Vermelha;Abril;17;70,3;54,9;22;21,2;27;28,1;51,1;73,9;37,2;30,7;73,8;15,1;21;51,1;122,1;23,7;26,6;142,2
3-Vermelha;Abril;18;70;54,3;22;21,2;26,8;27,3;50,3;71,8;36,9;30,9;72,9;14,5;20,6;50,3;122,2;23;26,7;143,1
3-Vermelha;Abril;19;71,5;54,9;21,7;21,1;26,6;27,6;48,5;73,6;37,5;31,4;75,6;15,6;21;49,6;120,5;23;26,1;146,1
3-Vermelha;Abril;20;46,5;33,2;12,6;12,1;15,2;15,7;24,5;61,2;20,9;17,8;46,3;10,1;10,5;23;69;13,5;15,6;88,7
3-Vermelha;Abril;21;32,1;17,1;6,3;6,1;7,8;8,2;11,3;34,2;12,8;9,3;17,5;6,7;4,4;11,8;36,3;9;9,2;54,5
3-Vermelha;Abril;22;71,7;53,8;21,6;20,5;26;26,9;50,2;71,4;36;31,4;72,6;14,2;20,9;48,9;115,4;22,4;25,1;138,6
3-Vermelha;Abril;23;71,6;55,4;22,3;21,3;27,2;28,2;52,3;74,1;38,1;32,2;74,6;15,9;21,2;51,6;122;23,1;25,6;137,4
3-Vermelha;Abril;24;72,3;55,5;22,4;21,4;27,4;28,2;52;74,6;34,9;30,6;74,6;15,2;21,3;51,3;122,6;23,7;25,8;134,7
3-Vermelha;Abril;25;71;55,1;22,4;21,1;27;26,2;50,9;73,9;37,7;31,2;73,2;14,9;20,9;50,4;123,4;23,1;26,2;153,4
3-Vermelha;Abril;26;71,3;54,7;21,8;21;26,1;27,5;48,7;74,5;37,7;31;74,4;15,8;20,5;50,6;122,3;23,4;26;145,1
3-Vermelha;Abril;27;45,3;32,3;12,5;11,9;14,8;15,2;24,7;59,7;21,1;18,1;44,7;9,9;10,1;22,6;67,4;13,7;15,7;81,7
3-Vermelha;Abril;28;37,6;18,8;6,4;6,2;8,3;8,4;11,9;34,5;13;9,8;20,3;6,6;4,7;11,7;37,4;9,2;8,5;53,1
3-Vermelha;Abril;29;70,5;53,6;21,8;20,6;25,8;27,2;49,6;70,8;35,8;31,7;73,4;14,5;21,2;50,5;119,4;21;24,7;133,8
3-Vermelha;Abril;30;75,8;56,5;22,7;21,8;27,9;28,3;51,2;76,2;38,7;33,1;75,4;16,4;22,1;52,8;125,8;23,7;26;146,4
3-Vermelha;Maio;1;34,1;20,4;7,9;7,4;9,4;10,2;14,1;43;14,8;10,6;26,7;7,9;5,3;15,1;43;9,8;10,6;58,1
3-Vermelha;Maio;2;76,6;55,3;22,5;21,4;26,8;27,8;49,9;68,9;37,9;31,1;72,9;14,9;21;51,2;121,4;23;26,4;134
3-Vermelha;Maio;3;71,7;55,1;21,8;20,8;26,2;27,2;47,8;75;37,3;31,1;75,1;15,6;21,1;50,6;118,9;23,6;25,7;136,9
3-Vermelha;Maio;4;56,1;34,4;12,5;12,2;15,5;16,3;24,9;63,7;21,2;19,5;47,9;9,8;10,3;25,5;69,8;13,2;16,3;81,9
3-Vermelha;Maio;5;26,9;17;6,2;5,9;8,1;8,1;11;33,1;12,4;9,7;18,8;6,3;4,3;14,3;35,1;8,3;8,4;55,2
3-Vermelha;Maio;6;71,2;54,8;21,6;20,7;26,1;27,6;50,4;72,4;36,1;31,5;73,8;14,6;21,3;49,2;116,2;22,4;25,4;138
3-Vermelha;Maio;7;75,6;56,3;22,6;21,7;27,5;28,6;52,7;77,1;38,6;32,2;77,7;16,3;22,4;52,1;125,8;21;26,4;137,2
3-Vermelha;Maio;8;75,2;55,9;22,4;21,7;27,8;28,6;52,3;76,5;38,5;25,9;73,5;15,5;22,2;52,1;125,4;24,3;26,2;132,1
3-Vermelha;Maio;9;71,4;55,5;22,5;21,4;28;28,2;51,4;75;38;29;75,8;15,2;21,7;51,4;124,5;23,2;26,6;136,2
3-Vermelha;Maio;10;72,9;55,9;22,2;21,2;26,4;28,3;48,9;71,7;38;30,9;76,6;15,7;21,5;50,9;121,7;23,3;26,2;130,9
3-Vermelha;Maio;11;47,3;33,8;12,9;12,2;14,8;16,6;24,5;63,9;21,2;18,3;48,5;9,8;10,4;24,1;69,6;13,6;15,3;85,6
3-Vermelha;Maio;12;30,9;17,5;6,6;6,2;8,2;8,2;10,7;32;11,8;9;19,8;7,5;4,1;11,2;32,9;8,3;8,2;53
3-Vermelha;Maio;13;70,8;54;21,6;20,6;25,9;27,3;49,5;71,3;35,7;30,7;73,4;14,2;20,8;49;116,4;21,9;24,9;129,9
3-Vermelha;Maio;14;80,2;56,1;22,3;21,5;27,4;28,3;51,1;71,9;37,1;31,9;73,8;15,8;21;51,2;122,2;23,2;26;140
3-Vermelha;Maio;15;71,5;55,7;22,1;21,3;27,2;28,5;51,6;79,2;37,5;30,9;75,5;15,2;21,1;50,8;123,9;23,8;26,6;143,5
3-Vermelha;Maio;16;71,5;48,4;22,5;21,7;27,3;28,2;51,3;75,3;37,8;31,7;74,6;15;21,5;51,2;124,9;23,2;26,7;135,2
3-Vermelha;Maio;17;71,5;55,1;21,9;21,3;26,4;27,8;48,8;76,3;37,4;31,4;75,5;15,4;21,2;50,7;120,8;23,5;26,2;133,6
3-Vermelha;Maio;18;48,5;33,6;12,9;12,4;15,2;15,9;25,2;61,6;21,5;17,9;48,7;10,4;10,2;30,3;72,5;13,8;15,9;84,1
3-Vermelha;Maio;19;28,9;17,5;6,3;6,4;8,2;8,4;11,5;35,1;12,1;9,7;20,8;6,4;4,6;20,1;43,4;8,7;8,5;49,5
3-Vermelha;Maio;20;70,6;53,7;21,6;20,4;26,1;27,2;50;71,1;35,7;31,1;70,7;14,3;21,1;49,5;115,6;22,2;25,3;126
3-Vermelha;Maio;21;72;56;22,4;21,7;27,3;28,5;51,7;76,2;37,7;32,3;75,3;16,1;21,9;51,6;122,7;23,2;24,5;139
3-Vermelha;Maio;22;78,9;56,1;21,9;21,2;27,3;28;51,2;73,4;37,4;30,3;75,1;15,4;21,9;50,3;122,7;23,5;26,2;143,1
3-Vermelha;Maio;23;75,8;56;22,7;21,5;27,8;28,2;50,9;74;37,9;31,7;77,4;15,2;21,7;51,4;120,8;23;26,9;141,2
3-Vermelha;Maio;24;70,4;54,4;21,4;20,8;26,1;27,4;47,4;74,3;36,7;30,9;74,3;15,4;20,9;50,2;119,5;23;25,9;131,1
3-Vermelha;Maio;25;44,4;31,9;12,2;11,5;14,1;15,5;23,9;58,1;20,3;17,4;45,8;9,8;9,7;22,3;64,9;13;15,1;77,5
3-Vermelha;Maio;26;26,8;15,4;5,6;5,3;6,8;7,4;11,1;30,1;11,1;8,9;16,7;5,5;3,9;11,8;30,8;7,7;7,6;45,1
3-Vermelha;Maio;27;67,1;51,1;20,2;19,4;24,8;25,3;44;67,6;33,4;28,8;65,8;13,3;19,5;47,7;109,8;21,3;24,2;123,4
3-Vermelha;Maio;28;80,7;57,1;22,4;21,8;27,8;28,4;50,2;75,8;38;31,8;77,3;16,3;21,7;52,3;125,8;23,3;26,5;139,9
3-Vermelha;Maio;29;73,2;56,5;22,7;22,1;27,3;28,8;49,7;77,6;38,8;31,2;73,9;16;22,2;52,6;129,8;24,2;27;140,2
3-Vermelha;Maio;30;35,3;22;8,9;8;9,9;10;15;41,4;14,4;10,1;25,3;7,7;5,7;15;44,8;9,9;11;70,6
3-Vermelha;Maio;31;55,7;42,2;16;15,2;18,5;19,6;29,5;60,9;28,2;24,9;78,2;13,5;14,4;35,4;91;17,4;19,2;102,3
3-Vermelha;Junho;1;54,2;31,5;11,7;11,2;13,7;14,3;20,8;55,1;19,2;19,1;53,2;9,7;9,9;22,5;66,4;12,5;14,2;70,3
3-Vermelha;Junho;2;27,7;18,1;6,6;6,4;8,4;8,5;11,1;34,5;12,5;9,9;20;6,7;4,6;18,8;56,7;11;9,3;58,8
3-Vermelha;Junho;3;70,9;54,5;21,9;20,7;26,3;27,5;47,3;72,8;36,1;31,7;77,1;14,6;21,7;49,8;116,6;22,4;25,4;143,9
3-Vermelha;Junho;4;74,4;56,1;22,3;21,7;25;28,3;47,8;75,6;37,5;31,9;77,1;15,9;21,2;51,6;121,1;23,2;26,2;135,5
3-Vermelha;Junho;5;72,2;56,7;22,6;22;27,6;28,8;48,6;75,5;37,9;31,4;73,6;15,4;21,9;51,9;124;24;26,7;135
3-Vermelha;Junho;6;72,8;56,7;22,7;21,7;27,7;28,5;53,3;78,1;37,4;32,1;81,9;15,3;22;51,1;124,1;23,1;26,5;141,4
3-Vermelha;Junho;7;72,7;56,2;22,1;21,5;26,7;28,2;50,4;78,3;37,2;31,6;79,5;15,8;21,7;50,4;121,3;23,2;26,2;138,2
3-Vermelha;Junho;8;49,3;35,3;13,8;13;16,1;16,5;26;64,2;22,2;19,5;59,7;10,6;11,1;24,8;71,7;14,2;16;89
3-Vermelha;Junho;9;29,7;18,7;6,9;6,6;8,7;9,1;12,8;36,5;12,9;10,2;20,3;8,8;5;12,1;38,6;8,8;9,7;59
3-Vermelha;Junho;10;74,7;55,6;22;21,2;26,7;27,8;51,1;74,3;35,9;31,6;78,4;14,6;22;50,3;116,5;22,4;25,8;134,5
3-Vermelha;Junho;11;75,3;57,1;22,6;22,1;28,1;28,6;52,2;79,1;37,9;29,9;79,9;16;22,6;52;124,3;23,2;26,9;140,9
3-Vermelha;Junho;12;74,3;57,3;18,6;22,5;27,9;29,2;53,2;80,9;38,1;30,1;77,4;15,7;22,2;52,7;125,1;23,6;26,1;135,7
3-Vermelha;Junho;13;71,1;55,7;22,6;21,9;27,5;28;46,2;75,5;37,7;31,5;76,7;15,1;22,2;52,3;123,3;22,5;26,1;137,5
3-Vermelha;Junho;14;76,8;55,4;21,8;21,2;26,7;28,1;45,2;77,7;37,4;31,4;78,3;15,9;21,5;51,2;122,5;22,9;26,7;137,7
3-Vermelha;Junho;15;64;35,8;13,4;13,2;16,1;16,7;25,4;64,6;22,5;19,9;53,4;10,2;10,7;24,9;75;14,1;15,9;97,4
3-Vermelha;Junho;16;50,7;21,7;7,4;7;9,4;9,4;12,8;38,3;13,2;10,2;21;7,1;4,9;14,6;47,1;9,5;9,9;59,8
3-Vermelha;Junho;17;73,8;55,7;21,5;21;26,7;27,9;43,6;72,8;35,3;30,8;69,6;12,1;21,2;49,5;113,5;21,8;24,9;129,1
3-Vermelha;Junho;18;71,3;55,3;22,2;21,5;27,4;28,2;44,7;77;37,5;31,6;76,1;15,9;21,5;52,4;121;22,9;26;124,7
3-Vermelha;Junho;19;71,2;56;22,3;21,5;27,4;28,6;45,7;74,2;37,5;30,1;77,2;15,4;21,6;51,7;123,4;23,5;26,4;131,5
3-Vermelha;Junho;20;71,8;55,8;22,4;21,8;27,3;28,3;44,7;75,6;37,5;30;74;15;21,5;47,9;122,1;22,6;26,3;121,3
3-Vermelha;Junho;21;75,8;55,4;18;21,2;26,5;27,4;43,6;75;36,7;29,6;76,8;15,6;21,5;50,5;118,8;22,7;20,4;126,5
3-Vermelha;Junho;22;49,5;33,7;13,6;12,2;15,2;15,8;24,3;61,2;21,2;18,2;49,7;10;10,2;24;71,9;13,3;15,7;83,3
3-Vermelha;Junho;23;28,8;18,4;6,8;6,6;8,5;8,4;11,8;35,7;12,4;11,9;20,5;6,7;5,3;11,9;38,9;8,8;9,7;43,1
3-Vermelha;Junho;24;69,4;52,9;21;20,4;25,3;26,5;41,1;70;34,2;28,1;72,2;14,1;20;48,5;110;21,3;24,8;118,5
3-Vermelha;Junho;25;70,1;54,2;21,8;21,2;26,7;27,7;42,9;70,8;35,8;28,2;73,4;15,7;20,8;50,7;117,1;22,1;25,6;121,8
3-Vermelha;Junho;26;79,1;56,9;18,1;21,5;27,2;27,8;44,1;74,3;37,2;28,5;74,6;15,3;21,6;51;121,8;22,8;26;129
3-Vermelha;Junho;27;68,7;54,3;22;21,1;26,6;27,2;41,6;71,5;36,3;27,7;73,1;14,9;21,1;51;120,1;21,7;25,5;125
3-Vermelha;Junho;28;76,1;56,7;21,7;21,8;26,3;27,8;41,5;66,2;35,6;28;70,7;15,5;20,9;49,9;118,2;22,3;25;122,4
3-Vermelha;Junho;29;42;32,9;13;12,1;15,2;15,6;23,9;51,4;20,7;18,7;47,3;9,7;9,9;23;66,2;13,4;15,4;80,6
3-Vermelha;Junho;30;30;16,7;5,9;5,9;7,6;7,7;10,8;42,4;11,6;10,6;18,1;5,8;4;11,5;35,2;7,8;8,7;51,1
3-Vermelha;Julho;1;65,4;50,6;20,1;18,8;24,1;24,3;37,3;65,4;32,8;26,2;66;13,4;19,9;47,2;108,9;20,1;22,9;120,7
3-Vermelha;Julho;2;65,2;51,8;20,8;19,9;25,1;25,6;39,6;68,2;34,8;27,8;60,8;15,3;20,7;50;115,5;21,1;24,4;127,5
3-Vermelha;Julho;3;68,7;50;20,2;19,3;24,4;24,6;37,7;66,8;32,6;26;68,6;14;20;41,7;110,4;20,8;23,9;117,4
3-Vermelha;Julho;4;79;54,7;21,6;20,5;26;26,2;40,2;71,4;36,1;27,3;73;14,9;21;50,3;117,8;21,2;24,9;129,2
3-Vermelha;Julho;5;69,6;53,5;21;20,1;25,2;25,8;39,2;73,6;35,5;27,6;75,7;15,3;21,1;49,5;116,8;21,8;24,7;133,1
3-Vermelha;Julho;6;47,7;33,6;12,9;12,1;14,7;15,5;23,1;61,4;20,2;18,8;54;9,8;11,1;23,2;70;11,8;14,9;81,2
3-Vermelha;Julho;7;30;18,2;6,7;6,7;8,5;8,5;11;34,4;12,8;10,3;20,5;6,8;5,9;12,6;38,2;8,5;9,4;59,8
3-Vermelha;Julho;8;58,5;41,6;15,7;14,7;18,4;18,9;28,8;58,6;26,4;23;71,7;11;14,2;35,6;85;16,5;18,6;96,6
3-Vermelha;Julho;9;32,9;18,6;6,8;6,3;8,1;8,4;12;29,5;11,3;9,7;23,1;6;4,5;15;37,6;7,8;7;55,6
3-Vermelha;Julho;10;67;50,8;20;19;24,4;24,5;37,9;65;33,4;26;71;14,2;20,7;49,1;115,3;21;23,6;113,2
3-Vermelha;Julho;11;68,5;52,2;21;20;25,5;25,4;39,2;65,7;35;26,9;74,6;14,6;21,3;49,7;117,6;21,2;24,5;119,4
3-Vermelha;Julho;12;69,9;51,2;20;19,3;24,3;24,7;38;65,8;34,4;26,5;74,3;15,2;20,9;48,5;115,1;21;24,2;128,8
3-Vermelha;Julho;13;44,4;31,8;12,2;11,4;14,2;14,7;22;51,8;19,7;17,2;47,9;9,6;10,2;22,3;64,6;12,5;14,7;80,7
3-Vermelha;Julho;14;28,8;17,2;6,8;6,4;8,1;8;11,4;31,1;12,1;10,5;19,6;7,6;4,7;12,5;37,5;8,8;9,2;54,3
3-Vermelha;Julho;15;76,6;49,6;19,7;18,5;23,7;23,6;36,9;62,7;32,7;26,8;78,5;13,5;20,8;46,3;104,6;20,3;23;118,4
3-Vermelha;Julho;16;78,6;53,6;20,2;19,9;25,5;25,7;39,5;66,1;35,2;27,6;92,8;16,6;21,2;50,4;117,5;21,3;24,1;125,2
3-Vermelha;Julho;17;67,6;52,1;20,8;20;25,5;25,6;39,3;65,9;35,4;27,3;77,1;14,8;21,2;50;120,2;21,8;24,4;124,1
3-Vermelha;Julho;18;68,1;51,9;21,1;20,1;25,3;25,4;39,1;65,5;35,1;26,5;73,6;14,3;21,5;49,1;115,8;20,7;24,5;124,8
3-Vermelha;Julho;19;68;51,4;20,4;19,5;24,6;25;37;66,2;34,9;26,6;74,3;15,3;21,1;48,4;115,5;21,7;24,1;120,7
3-Vermelha;Julho;20;47,3;32,4;12,6;11,9;14,7;15,3;22,6;49,7;21,6;18,6;51,3;10;10,9;22,8;68,9;13;14,8;77,5
3-Vermelha;Julho;21;28,2;17,7;6,5;6,3;8,2;8;11;35;12,9;9,6;17;6,3;4,9;11,5;37,3;8,7;8,3;49,3
3-Vermelha;Julho;22;68,5;49,9;19,7;19;23,9;24,1;36,9;64,2;32,6;25,3;72,5;13,4;20,6;47,7;107,8;20,2;23,3;120,8
3-Vermelha;Julho;23;67,8;52;20,7;20;25,5;25,4;39,3;64,6;35,4;27,8;74,9;16,2;21,2;50,5;114,5;21,1;24,4;125,7
3-Vermelha;Julho;24;68;52,7;20,9;20,4;25,8;26,1;40;65,1;35,6;28,6;74,3;14,9;21,4;50,3;120,9;21,8;24,8;116,2
3-Vermelha;Julho;25;80,2;55,1;21,5;20,6;26;26,5;40,6;67,4;36,2;28,6;74,8;14,9;22,6;50,6;119,6;21,1;25,2;123
3-Vermelha;Julho;26;69,8;51,9;20,6;19,8;24,5;25,4;38,7;65,9;35,5;27,9;75,5;15,5;21;49,3;114,1;21,6;24,3;132,8
3-Vermelha;Julho;27;47,2;32,4;12,7;12;14,9;15,7;23,1;51,7;21;21,8;47,8;10,1;10,3;23;67,7;12,9;15,1;83,2
3-Vermelha;Julho;28;34,3;18,6;6,8;6,6;7,6;8,7;13,8;31,9;13,3;12,8;21;6,9;5,2;12,5;41,3;8,8;9,6;54,5
3-Vermelha;Julho;29;66,8;51,3;20,5;19,3;24,5;25,3;38,6;62;33,5;28,2;72,1;13,8;20,6;48,2;108,2;20,4;23,9;119,7
3-Vermelha;Julho;30;66,9;51;20,4;19,6;24,7;25,5;37,5;62,2;34;25,4;68,6;14,8;19,6;46,4;114,5;20,3;22,3;115,1
3-Vermelha;Julho;31;77;55,8;21,7;21,2;26,6;27,4;41,7;66,9;36,7;30;73,7;15,2;21,3;51,5;119,5;22,2;25,8;124,9
3-Vermelha;Agosto;1;69;54;22;21,1;26,2;27,2;41,2;70,7;36,4;28;73,7;15,1;21,3;51,3;118,4;22,1;25,5;121,4
3-Vermelha;Agosto;2;70,2;54,3;21,4;20,6;25,6;26,8;40,3;72,7;36;27,9;72,9;16,2;21,1;49,8;115,9;22,5;25,3;120,6
3-Vermelha;Agosto;3;47,1;33,2;12,9;12,3;15,1;15,9;24,2;60,4;21;18,1;50,2;10,1;10,4;23,7;69,9;12,9;15,3;77,6
3-Vermelha;Agosto;4;41,8;20,4;6,9;6,6;8,9;8,8;12,4;36,9;13,4;9,9;20,7;6,9;4,9;12,6;38,6;8,7;9;49,4
3-Vermelha;Agosto;5;72,1;54,1;21,6;20,9;26,1;27,2;45,9;70,9;35,9;28,3;73,5;11,6;21,1;50,5;114;22,3;25,3;128,7
3-Vermelha;Agosto;6;71,5;56,6;22,4;21,8;27,7;28,8;48;76;38,3;29,7;76,9;16,2;21,7;53,2;121,3;23,4;26,5;121,2
3-Vermelha;Agosto;7;72,6;56,9;22,7;22,1;27,8;28,9;48,6;76,5;38,5;29,6;77;15,5;22,1;52,9;125,1;24;27,1;134,7
3-Vermelha;Agosto;8;77,5;56,9;22,9;22;27,6;28,8;47,8;76,5;38;29,3;75,9;15,2;22,3;53,5;122,3;23,2;27,1;123,8
3-Vermelha;Agosto;9;72,3;54,4;21,5;20,6;26;27,1;43,7;81,8;36,2;28;79,5;15,3;20,5;50,6;116;22,2;25,5;135,9
3-Vermelha;Agosto;10;50,1;32,4;11,6;11,2;13,7;14;21,7;57,1;19,3;16,4;40,8;8,7;9,3;21,7;60,6;12,4;14,3;82,2
3-Vermelha;Agosto;11;27,8;17,2;6,3;5,9;7,9;7,9;10,2;31,4;11,2;8,8;14,9;7,3;4,1;11,5;34,5;8,3;8,3;48,2
3-Vermelha;Agosto;12;71,1;50,3;21,9;21,2;26,5;27,6;51;73,4;35,8;31,6;73,2;14,3;21,1;49,1;115,8;22,1;25,4;127,5
3-Vermelha;Agosto;13;76,6;55,1;21,8;21,3;26,2;27,8;51,7;64,3;36,9;31;79,1;15,5;20,9;52,2;120,9;22,7;25,9;116,2
3-Vermelha;Agosto;14;74,2;52;21;21;26,7;27,7;51,3;72,1;37;30;73,4;14,8;21,1;51,4;122,4;23,1;26,4;132,6
3-Vermelha;Agosto;15;76,3;56,6;23,1;22,1;27,7;28,7;52,6;76,5;38,2;31,4;74,5;14,9;21,6;48,7;124;23,2;27;127,8
3-Vermelha;Agosto;16;72,6;56,4;22,3;21,6;26,9;28,3;49;77,4;37,4;31,2;74,6;15,7;21,6;51,8;120,8;23,6;26,6;127,7
3-Vermelha;Agosto;17;50,8;33,6;13,1;12,5;15,5;15,8;25;62;22,3;18,4;48,8;9,8;10,8;24,1;66;13,7;15,9;88,3
3-Vermelha;Agosto;18;29,2;18,8;6,9;6,7;8,6;8,8;12,7;36,1;14,1;11,7;20,5;7,2;4,8;12,7;36,4;9;9,2;54
3-Vermelha;Agosto;19;75,3;54,7;21,8;21,1;26,6;27,5;51,4;72,2;36,3;32,2;73,6;14,4;21,1;50,7;115,8;22,4;25,8;125,9
3-Vermelha;Agosto;20;85,2;58,7;22,9;22,7;28,2;29,1;54,2;77,9;38,7;32,6;76,7;16,4;21,6;53,1;124,7;23,6;27,2;128,6
3-Vermelha;Agosto;21;79;57;22,8;22,3;28;28,9;53,4;75,7;38,7;32;76,1;15,4;22,2;52,7;125,3;23,8;27,4;147,6
3-Vermelha;Agosto;22;77,2;57,1;23;22,2;28,2;29;53;76;38,8;32,6;76,1;15,5;21,6;52,1;126,6;23,4;27,2;133,2
3-Vermelha;Agosto;23;77,6;55,9;22;21,5;26,8;28,2;47,8;76,3;37,8;31,6;75,3;15,8;21,9;50,9;120,2;23,2;26,5;128,8
3-Vermelha;Agosto;24;43,3;32,4;12,5;11,7;14,8;15,3;24,3;60,6;20,5;17,3;44,4;10,2;10,5;22,8;64,9;12,4;15,1;82,2
3-Vermelha;Agosto;25;26,4;16,1;5,9;5,6;7,6;7,5;10,9;32,1;11,4;8,8;13,2;5,8;4;10,6;33,6;7,6;7,8;49,3
3-Vermelha;Agosto;26;69,2;53,8;21,3;20,9;24,1;26,8;49,6;69,6;34,8;31,5;73;14,1;20,5;49,4;113,3;21,9;25,9;122,4
3-Vermelha;Agosto;27;73,2;55,4;22,1;22;23,4;27,8;51,2;86,9;34,7;31,8;67,4;15,6;19,6;51,2;119,9;26;27;125,8
3-Vermelha;Agosto;28;83,5;56,2;22,5;22,3;27,3;28,4;46,1;73,9;37,5;31,1;74,4;15;21;52;123,1;23,6;27,7;132,8
3-Vermelha;Agosto;29;77,6;56,5;22,8;21,5;27,6;28,6;51,6;70,2;37,8;32,5;74,7;15;21,3;51,8;122,2;23,4;22;133,1
3-Vermelha;Agosto;30;72,2;56,5;22,5;22,1;27,2;28,5;48,9;79;38,3;31,9;75,9;16,1;21,5;50,6;122,9;23,6;27;142,8
3-Vermelha;Agosto;31;49,4;34,4;13,4;12,7;15,7;16,5;26;62,7;21,5;19,5;46,9;9,8;10,7;24;69,8;13,9;13,7;95,6
3-Vermelha;Setembro;1;38,9;22,1;6,9;6,6;9,1;9,2;12,8;36,7;13,2;9,8;20;7,1;4,9;12,5;38,9;8,9;9,5;48,3
3-Vermelha;Setembro;2;73,2;54,7;20,1;21,3;26,4;27,5;50,5;71,6;36,5;32;74;14,3;20,6;50,2;114,5;22,4;25,2;131,4
3-Vermelha;Setembro;3;76,1;56,9;22,8;22,4;27,6;29;53;74,3;38,7;32,4;75,8;16,1;21,6;52,9;120,5;23,2;26,4;135,4
3-Vermelha;Setembro;4;73,3;57,2;22,3;22,2;28;29,3;53;76,2;38,3;32,1;75,6;15,2;21,7;52,2;122,8;24;26,8;123,2
3-Vermelha;Setembro;5;73,3;57,5;23,1;22,7;28;29,1;52,3;76,8;38,7;32,8;76;15,2;21,8;52,1;123,2;23,4;26,8;136,3
3-Vermelha;Setembro;6;99,8;60;22,9;22,2;27,5;28,9;49,2;79,9;39;32,3;79,2;13,9;22,2;52,1;128;23,7;26;146,9
3-Vermelha;Setembro;7;42,8;29,4;11,5;10,8;13,5;13,3;19,9;55,9;17,9;16;33;9,2;9,3;19,5;53,7;12,2;13,2;74,8
3-Vermelha;Setembro;8;34;19,7;7,3;6,9;8,9;9,4;15,1;40,1;14,9;13,1;32,9;7,7;5,1;15,5;9,7;9,4;9,4;61,2
3-Vermelha;Setembro;9;72,3;56;22,3;21,5;26,7;27,6;50,9;73,8;36,6;32,7;76,2;14,5;21,8;51,7;117,2;22,5;25,7;132,8
3-Vermelha;Setembro;10;75,5;58,1;23,1;22,6;28;29,2;53,4;78,1;39,5;33,3;78,2;16;21,8;53,3;121,3;23,6;26,8;139,1
3-Vermelha;Setembro;11;82,9;60;23;22,8;28,2;29,5;53,6;78,1;39,5;32,2;77,7;15,7;22;53,2;127,6;24,3;27,5;145,2
3-Vermelha;Setembro;12;73,5;56,9;23;22,4;27,8;29;52;78,2;39;33;75;15,1;22;52,8;119,1;23,4;26,9;135,8
3-Vermelha;Setembro;13;73,9;57,6;22,7;22;27,3;28,7;48,8;78,1;38,2;31,9;76,1;16,3;21,2;50,8;119,5;23,8;26,7;131,6
3-Vermelha;Setembro;14;48,8;34,6;13,6;12,8;15,7;16,1;26;64,8;21,8;18,6;49,6;10,1;10,7;24,3;68,7;14,4;16,1;82,7
3-Vermelha;Setembro;15;29,2;18,7;6,8;6,5;8,4;8,6;12,1;35;12,5;10,2;19,6;6,7;4,4;11,3;35,8;8,5;8,5;55,6
3-Vermelha;Setembro;16;71,9;50,5;21;20,3;25,4;26,5;47,2;70,2;34,4;29,8;70,2;13,3;19,5;46,9;110,1;21,3;24,7;116,9
3-Vermelha;Setembro;17;72,7;53,7;22,6;22,1;27,6;28,5;52;75,1;37,4;32,3;74,9;15,9;21,4;52;121,1;23,1;26,5;136,9
3-Vermelha;Setembro;18;72,4;53,7;22,7;22,2;27,7;28,4;52,2;74,3;38,1;31,1;73,9;15,2;21,5;52,2;122,2;24,1;27,1;139,4
3-Vermelha;Setembro;19;73,8;56,7;23;22,2;27,7;28,9;51,3;76;38,3;32,1;76,8;15,2;21,3;52,3;122,6;23,3;27;136,1
3-Vermelha;Setembro;20;79,5;56,7;22,4;21,8;27,2;28,5;46,5;77,4;38;31,9;76,8;16,1;21,5;51,9;120,6;23,8;26,8;140,7
3-Vermelha;Setembro;21;58,6;37,6;13,1;12,5;15,7;16,3;25,5;63;21,5;18,8;49,1;10;10,6;23,7;68,4;13,7;16,1;75,7
3-Vermelha;Setembro;22;43,2;20,7;7,3;7;9,5;9,4;12,8;37;13,2;10,7;20,8;7,3;5,5;12,7;41,8;9,2;9,4;60,7
3-Vermelha;Setembro;23;72,1;55,2;22,1;21,4;26,4;27,8;50;72,8;36,6;32,1;74,1;14,3;21,3;50,4;114,7;22,3;25,5;134
3-Vermelha;Setembro;24;81,2;59,1;23;22,6;28,6;28,9;53,4;76,4;39,2;32,9;76,8;16,3;21,6;53,2;124,4;23,6;27,2;138,4
3-Vermelha;Setembro;25;72,7;57,5;23,2;22,6;28,3;29;52,7;76,9;38,9;31,9;75,7;15,3;21,7;53;126,1;24,2;27;135,5
3-Vermelha;Setembro;26;72,5;56,9;23;22,2;27,8;29,1;51,5;76,3;39;32;74,8;15;21,2;52,1;122,8;23,4;27;139,5
3-Vermelha;Setembro;27;70,7;55,2;22,1;18,4;26,7;28,3;46,2;75,4;37,1;30,8;74,4;15,5;20,9;51;117,9;23,1;26,4;131,2
3-Vermelha;Setembro;28;52,9;34,8;13,3;12,5;15,4;16,1;25,8;63,4;21,4;19,1;48,1;9,4;11;25,8;68,7;13,7;15,9;80,5
3-Vermelha;Setembro;29;49,7;19;6,8;6,7;8,7;9,6;13,5;38,9;12,9;10;20,1;7,4;4,9;12,4;37,2;9,1;9,1;56,8
3-Vermelha;Setembro;30;79,1;55,4;22,1;21,6;26,8;27,8;50,4;75,5;36,4;32,1;73;14,5;21,2;50,9;114,8;22,6;25,9;135,1
3-Vermelha;Outubro;1;74,2;57,7;23;22,5;28;29;52,8;76,2;38,9;32,5;76,7;16,1;21,8;53,1;123,4;23,8;27,3;134,7
3-Vermelha;Outubro;2;74,1;57,7;22,9;22,6;28,1;29,2;52,5;77,7;38,9;31,6;75,4;15,3;23,7;49,8;124,1;24;27,1;142,2
3-Vermelha;Outubro;3;71,5;56,3;22,7;21,2;27,4;28,6;45;76;38,1;32,2;73,9;15;21,4;51,9;122,1;23,2;25,9;135,6
3-Vermelha;Outubro;4;72,6;55,7;22,3;20,9;26,5;27,7;47,3;77,6;37,3;29,6;75,4;15,5;21,7;51,7;123;23,5;25,1;127,1
3-Vermelha;Outubro;5;59,1;36,9;13,5;12,5;16,2;16,8;26,1;66,8;21,9;20,1;53,2;10,3;11,3;24,9;75;14,1;15,9;92,9
3-Vermelha;Outubro;6;33,5;32;10;9,3;12,5;11,4;15,2;47,4;16;12,7;22;8,8;6,9;26;40,2;12,7;14,1;55,5
3-Vermelha;Outubro;7;72;55,6;22,4;21,2;26,8;27,8;50,4;72,5;36,5;32,3;77,5;14,5;21,9;50,9;116,2;22,5;25,5;136,1
3-Vermelha;Outubro;8;74;58,2;23,3;22;28,4;29,2;52,8;78,4;39,6;33;78,8;16,2;22,6;53;126,3;23,8;26,9;137,5
3-Vermelha;Outubro;9;72,7;57,8;23,1;22;28,2;29,2;52,2;77;38,4;31,8;77,4;15,1;22,5;53;126,2;24;27,2;134,6
3-Vermelha;Outubro;10;73,5;57,4;23,2;21,7;27,9;29,1;51,9;77,3;38,7;32,3;76,8;15,1;21,7;52,9;122,8;23,2;26,6;145,8
3-Vermelha;Outubro;11;72,5;57;22,4;20,9;27,1;27,9;47,6;78,7;37,5;31;77,2;15,7;21,5;50,7;119,2;22,9;25,9;136,6
3-Vermelha;Outubro;12;39,6;27;10,7;9,5;12,8;12,8;18,5;61,1;16,9;13,8;33,8;9,1;8,3;18;56,2;11,2;12,5;67,1
3-Vermelha;Outubro;13;39,2;19,6;7,3;6,5;9,3;9;13;40;12,9;11,2;20,7;7,8;5;11,6;42,6;9,3;9,8;54,5
3-Vermelha;Outubro;14;68,8;50,3;21,1;19,6;25,4;26;46,8;72,1;34,5;30,2;74,5;13,7;21,2;49,9;113,1;21,7;24,9;131,9
3-Vermelha;Outubro;15;70,5;52,9;20,2;20,8;26,9;27,1;50,7;74,8;37,4;28,6;77,2;15,9;21,6;53,2;122,5;22,9;26;145,1
3-Vermelha;Outubro;16;72;54,9;22,8;21,7;28,4;29;52,4;76,3;38,8;31,7;80;15,2;21,8;52,5;124,8;24,2;26,6;144,4
3-Vermelha;Outubro;17;84,4;56,8;23,1;21,9;28,6;29,6;42,4;77,8;48,6;30,7;77,1;15,4;21,6;52,8;124,8;23,9;26,2;140,6
3-Vermelha;Outubro;18;70,7;54,7;21,7;20,2;26,2;27,3;36,6;75,3;46,3;28,5;71,6;15,2;21,9;51,2;114,6;22,5;24,7;128,9
3-Vermelha;Outubro;19;44,4;32;12,1;11,1;14,3;15,3;17,3;59,7;25,4;16,6;46,1;8,7;9,6;21,8;60,1;12,7;14,2;83,7
3-Vermelha;Outubro;20;36,6;21;6,3;6;8,1;8,2;9,1;34,1;15,5;10,3;20,1;6,3;4,4;10,9;35,2;8,1;8,8;56,6
3-Vermelha;Outubro;21;71,6;55,5;22,1;20,7;26,5;27,5;38,4;72,4;48,1;31,8;75,2;14,1;21,3;50,6;114,8;22,2;25,5;142,3
3-Vermelha;Outubro;22;73,1;57,2;23,1;21,8;28,2;27,1;40,6;77;50,9;32,4;77,9;15,9;22;53,2;123,3;23,5;26,8;137,2
3-Vermelha;Outubro;23;72,4;57,1;22,6;21,2;28;27,6;37,2;76,1;50;30,7;76;15;21,7;52;122,2;23;26,5;133,6
3-Vermelha;Outubro;24;80,4;58;22,9;21,3;23,9;29,1;40,6;76,8;49,4;31,7;76;15,1;21,3;52,5;123,5;23,1;26,1;136,6
3-Vermelha;Outubro;25;69,9;55;21,7;20,3;26,3;27,5;35,8;75,7;46,7;28,9;76,4;15,3;21;50,4;115,7;22,8;24,7;129,9
3-Vermelha;Outubro;26;46,5;33,9;13,3;11,7;15,5;16;17,8;61,7;28,4;18,6;47,3;9,7;10,5;23,9;68,3;13,9;15,6;91,1
3-Vermelha;Outubro;27;34,4;30,8;9,5;9,5;12,5;12,2;13,8;52,9;16;12;23;9;6,7;16,6;41;12,3;12,2;57,9
3-Vermelha;Outubro;28;67,5;51,7;20,4;19,1;24,8;24,6;36,8;69,3;44,1;29,2;73;13,4;17,8;45,1;108;21,3;24;127
3-Vermelha;Outubro;29;72,4;57;23;21,4;28,2;28,6;41;75,2;49,4;31,9;77,1;16;21,9;53,2;122,6;23,1;27;139,6
3-Vermelha;Outubro;30;71,1;56,7;22,9;21,5;28,2;28,4;41,4;76,2;49,2;31,2;77,5;15,3;21,9;53,1;124,5;23,8;26,9;139
3-Vermelha;Outubro;31;72,2;57,3;23,4;21,8;28,4;28,6;40,7;77,8;50;32,1;76,9;15,5;22;47,7;126;23,4;26,8;140,1
3-Vermelha;Novembro;1;72,3;57,1;22,7;21,1;27,5;28,4;37,9;80;49,1;31,3;77,2;15,8;21,6;52,1;123,2;23,8;26,5;134,9
3-Vermelha;Novembro;2;37,7;26,3;10,2;9,2;12,5;12,5;17;51;18;15;37,5;8,3;7,5;17,4;56;10,8;12,3;78,3
3-Vermelha;Novembro;3;31,9;19,9;6,8;6,5;8,8;9,4;13,1;40;13,6;11,9;19,9;6,2;4,8;15,2;37,8;9,1;8,9;56,7
3-Vermelha;Novembro;4;79,9;57,8;21,9;20,5;26,9;27,4;49;73,4;36,4;31,2;73,5;14,5;21,1;51,2;118,4;22,3;25,7;133
3-Vermelha;Novembro;5;71,5;57,7;23;21,6;28,2;29,1;52,2;77,5;38,6;33,1;76,5;16,3;22,1;53,8;124,9;23,8;27;137,4
3-Vermelha;Novembro;6;71,7;57,2;22,8;21,5;28,5;29,2;51,7;76,3;38,9;31,3;76,5;15,4;22,3;53,6;128,6;24,2;27,1;146,1
3-Vermelha;Novembro;7;72,4;57,4;22,8;21,2;27,9;28,6;51,4;77,8;38,7;31,7;75,1;14,9;21,8;53;125,8;23,4;26,2;135,4
3-Vermelha;Novembro;8;70,2;55,8;21,9;20,3;26,8;27,1;46,6;77,6;36,8;30,1;71,3;15,3;20,8;51,6;119,4;22,1;25,5;131,7
3-Vermelha;Novembro;9;48;35;13,5;12,3;15,8;16,3;25,9;64,9;21,9;19,3;56,5;10,3;10,5;24,1;72,7;14,2;16,1;85,6
3-Vermelha;Novembro;10;41;22,3;8,3;8;10,5;10,9;15,6;45;16,3;13,4;23,1;8,8;6,1;13,9;43,5;12,1;10,7;57,3
3-Vermelha;Novembro;11;72,6;57;22,9;21,2;27,6;28,3;50,9;76,1;37,3;32,9;78,9;15;22,7;53,3;119,6;23;26,1;137,1
3-Vermelha;Novembro;12;73,4;58,6;23,4;22;28,9;29,4;53,1;78,4;39,5;33,4;80,2;16,5;22,6;56,3;127;24;26,9;142,9
3-Vermelha;Novembro;13;72,3;57,9;23,2;21,8;28,8;29,6;52,9;77,8;39;32,6;77,8;15,6;22,4;55,6;127,8;24,5;27,2;143,4
3-Vermelha;Novembro;14;74,2;59;23,6;22,4;28,8;30,2;52,1;81,6;40,1;33,9;80,5;16,1;22,7;55,3;128,8;24,2;28,1;143,5
3-Vermelha;Novembro;15;46,5;27,4;10,2;9,1;11,5;12,3;19;49,1;16,3;12,5;38,6;8,1;6,8;17,1;53,6;11,1;12,6;82,3
3-Vermelha;Novembro;16;42,1;29,7;11,5;10,2;13,3;13,7;19,7;55,4;18,4;17;50,7;9,2;10,4;20,9;63,8;12;13,8;87,2
3-Vermelha;Novembro;17;28,6;18,2;6,7;6,2;8,1;8,7;11,9;35,5;12,6;10,7;19,7;6,6;5,2;13,5;37,6;8,8;9,1;55,3
3-Vermelha;Novembro;18;70,9;55,5;22,2;20,5;27,1;27,7;48,3;74,3;36,6;32,4;77,5;14,5;22,3;51,4;116,8;23,1;25,6;138,6
3-Vermelha;Novembro;19;73,9;58,8;23,2;21,9;28,9;29,6;50,8;79,3;39,7;33,7;75;16,6;23;54,3;128,3;24,7;27,3;140,7
3-Vermelha;Novembro;20;47,1;29,2;10,3;9,1;11,8;12,9;18,7;49,2;17,3;13;39,1;7,1;7,1;17,9;52,3;11,1;12,5;64,9
3-Vermelha;Novembro;21;72,2;57,2;22,7;21,4;28,3;29;50,1;77,2;36,7;29,9;77,7;15;21,4;52,8;123,5;23,4;26,6;136
3-Vermelha;Novembro;22;72,2;57,5;22,7;21,2;28,1;28,8;47,1;79,3;38,2;32,2;75,7;15,9;21,9;51,7;120,6;23,9;26,2;137,4
3-Vermelha;Novembro;23;47,6;35,1;13,6;12;16;16,5;25,4;65,1;22,1;19,3;54,9;10;11,7;24,5;71,8;14,3;15,9;87,1
3-Vermelha;Novembro;24;44,6;23;7,4;6,9;9,3;10,1;15;42,4;13,9;11,8;24,1;7,4;5,1;13;40,3;9,3;9,4;54,5
3-Vermelha;Novembro;25;71,1;55,1;22,3;20,7;27,3;28,3;47,6;75,1;36,7;32,6;75,8;14,6;22,3;52;117,6;22,9;25,6;135,2
3-Vermelha;Novembro;26;65,1;49;21,1;18,8;23,9;25,5;45,6;74,9;36,7;31,3;76,5;15,4;22,8;52;123,5;21,1;23,6;131,1
3-Vermelha;Novembro;27;71,4;57,2;22,9;21,5;28,6;29,5;50,2;77,6;38,9;31;78,6;15,4;22,7;56,3;126,7;24,5;26,9;139,4
3-Vermelha;Novembro;28;71,4;57,3;23,1;21,5;28,6;29,2;53,8;79;38,9;30,1;75,5;15,4;22,3;56,6;125,8;23,1;26,7;136,8
3-Vermelha;Novembro;29;74,1;57,7;23,1;21,4;27,9;29,2;50,2;83,2;38,7;32,2;71;15,7;22,5;57,1;125,6;23,5;26,8;136,9
3-Vermelha;Novembro;30;50,2;37;14,1;12,6;17,5;17,4;26,7;67,6;22,7;21,9;58,1;10,4;12;25,4;75,2;14,3;16,1;99,6
3-Vermelha;Dezembro;1;31,3;20,2;7,5;6,7;10;9,6;13,1;40,8;14,2;10,6;24,8;6,9;5,8;13;49,9;9,6;9,7;57,6
3-Vermelha;Dezembro;2;71,3;55,8;22,4;20,7;27,2;27,9;51,7;76,2;36,7;31,4;74,8;14,3;22,1;53,6;118,5;22,4;25,1;136,1
3-Vermelha;Dezembro;3;82;58,8;22,5;21;27,7;28;52,5;75,9;37,7;31;75,6;15,5;21,3;53,8;122,5;22,7;26;135,9
3-Vermelha;Dezembro;4;72,9;58,3;23,4;21,8;28,5;29,3;53,2;80,2;39,3;31,5;81,1;17,1;23,1;56,8;127,7;23,9;27,1;142,8
3-Vermelha;Dezembro;5;72;57,6;23,2;21,3;28,6;28,9;46,7;80,7;39,4;32,6;78,5;15,7;23,1;58,3;128,8;23,8;26,9;138,2
3-Vermelha;Dezembro;6;73,8;58,8;23,4;21,9;28,7;29,3;46,2;83,8;39,2;32,1;83,3;16,4;23,1;56,6;128,8;24,4;27,2;145,3
3-Vermelha;Dezembro;7;57,4;40,3;15,1;13,5;19,3;18,3;27,3;72;24,4;22,6;68,4;11,1;12,8;27,6;79,7;15,8;17;105,9
3-Vermelha;Dezembro;8;33;21,6;8,4;7,5;10,8;10;14,7;42,5;14,1;13,1;31,5;8,2;5,8;14,3;42,9;10,6;10;62,8
3-Vermelha;Dezembro;9;70,5;55,1;21,9;20,2;26,8;27,2;42,5;75,4;36,2;31,5;83,7;14,8;22,9;54;117,8;22,3;25,5;139,9
3-Vermelha;Dezembro;10;71;56,6;22,3;20,9;28,1;28,1;45,6;77,5;37,9;31,1;81;16;23,4;56,5;125,4;22,9;26,8;135
3-Vermelha;Dezembro;11;71,4;57,5;23,1;21,4;28,4;28,3;46,1;79,6;38,1;31,5;83,4;15,6;23,3;55,9;128,4;24,1;27,2;138,9
3-Vermelha;Dezembro;12;69,7;57,4;23,2;21,4;28;28,1;46,4;81,1;38,7;31,8;83,2;15,7;23,8;56,3;128,7;23,5;22,9;135,7
3-Vermelha;Dezembro;13;71,2;57,7;22,8;20,7;27,4;28,2;44,4;81,4;38,2;30,7;82,3;16,1;23,3;53,6;125,3;23,9;26,7;135,7
3-Vermelha;Dezembro;14;51,7;36,8;14,6;12,8;18,1;17,6;25,9;69,2;23,5;22,9;63,4;10,3;12,2;26,4;80,1;14,4;17,1;97,2
3-Vermelha;Dezembro;15;34,3;21,7;8,4;7,4;11,3;10,6;16;44,2;14,6;11,5;31,6;8,7;6,3;14,2;45,3;10,5;12,2;66
3-Vermelha;Dezembro;16;68,3;54,2;21,5;19,8;26,1;26;41,2;74,7;35,8;28,8;89,2;14,6;22,6;51,5;115,8;21,8;24,9;130,5
3-Vermelha;Dezembro;17;69,2;55,2;22,1;20,2;27,5;27,3;40,8;77;37,1;29,1;73,9;15,9;22,8;52,2;122,3;22,5;26,1;131,5
3-Vermelha;Dezembro;18;89,7;52,1;20,9;17,8;26,2;26,6;39,2;135,7;35,6;28,4;86,9;14,9;21,1;50,8;130,2;22,3;25,3;136,6
3-Vermelha;Dezembro;19;77,4;51,7;20,6;18,5;25,7;25,7;40,2;103,3;35,3;27,4;79,1;14,2;21,2;49,2;119,3;21,9;24,9;130,2
3-Vermelha;Dezembro;20;70,1;54,2;20,9;19,3;25,3;25,9;39,1;79,7;35,2;26,9;85,6;14,4;20;47,7;114,4;20,9;23,7;126,4
3-Vermelha;Dezembro;21;58,4;34;13;11,4;16;15,2;22;66,7;21;18,6;72,4;9,4;11,1;25,1;69,8;12,3;14,2;95
3-Vermelha;Dezembro;22;34,2;21,9;8,4;7,5;10,7;10;12,3;42,7;13,1;10,9;35,4;7,4;5,9;14,1;39,5;9;9,5;69,7
3-Vermelha;Dezembro;23;56,3;42,1;16,2;14,5;18,7;18,8;25,9;62,6;24,5;20,9;76;10,8;16,1;35,5;80,8;15,9;17,7;105,1
3-Vermelha;Dezembro;24;31,1;24,2;8,9;7,8;9,9;10,2;13,4;32,3;13,4;12,3;38,4;7,4;7,9;17,9;40;10;10,7;56,6
3-Vermelha;Dezembro;25;19,7;12,3;4,3;3,9;5,5;5,2;6,3;20,3;6,9;5,9;13,6;3,4;3,1;6,4;17,9;4,6;4,6;30,1
3-Vermelha;Dezembro;26;46,8;34,6;13,4;11,7;15,5;15,7;21,6;48,6;21,3;16,9;49,2;10,1;11,9;30,3;68,3;13,2;15,3;83,7
3-Vermelha;Dezembro;27;50,7;38,5;14,9;13,1;17,1;17,3;24,1;54,1;23,6;19;57;11,1;13,7;33,3;76,4;15;17;90,3
3-Vermelha;Dezembro;28;37,8;27,6;10,5;9,2;11,8;12,2;16,1;49,7;15,9;14,8;43,5;8,1;8,3;18,6;67,3;10,3;11,6;65,4
3-Vermelha;Dezembro;29;25,8;16,5;6,3;5,6;7,4;7,8;9,4;32,3;10,4;8,6;20,4;6,4;5,6;10,3;30;7,6;7,2;43,8
3-Vermelha;Dezembro;30;46,4;32,6;12,4;10,6;13,9;14,1;19;46,2;19,1;16,6;52,4;8,6;12,2;26,7;61,5;13,1;14,3;80,7
3-Vermelha;Dezembro;31;28,8;20,1;6,9;6,4;8,7;8,8;10,8;27;12,2;11;29,8;6,6;5,5;14;40;8,9;9,3;55,6